RBC(1,0);RBC(2,0);RBC(3,0);RBC(4,0);RBC(-4,1);RBC(-3,1);RBC(-2,1);RBC(-1,1);RBC(0,1);RBC(1,1);RBC(2,1);RBC(3,1);RBC(4,1);RBC(-4,2);RBC(-3,2);RBC(-2,2);RBC(-1,2);RBC(0,2);RBC(1,2);RBC(2,2);RBC(3,2);RBC(4,2);RBC(-4,3);RBC(-3,3);RBC(-2,3);RBC(-1,3);RBC(0,3);RBC(1,3);RBC(2,3);RBC(3,3);RBC(4,3);RBC(-4,4);RBC(-3,4);RBC(-2,4);RBC(-1,4);RBC(0,4);RBC(1,4);RBC(2,4);RBC(3,4);RBC(4,4);ZBS(1,0);ZBS(2,0);ZBS(3,0);ZBS(4,0);ZBS(-4,1);ZBS(-3,1);ZBS(-2,1);ZBS(-1,1);ZBS(0,1);ZBS(1,1);ZBS(2,1);ZBS(3,1);ZBS(4,1);ZBS(-4,2);ZBS(-3,2);ZBS(-2,2);ZBS(-1,2);ZBS(0,2);ZBS(1,2);ZBS(2,2);ZBS(3,2);ZBS(4,2);ZBS(-4,3);ZBS(-3,3);ZBS(-2,3);ZBS(-1,3);ZBS(0,3);ZBS(1,3);ZBS(2,3);ZBS(3,3);ZBS(4,3);ZBS(-4,4);ZBS(-3,4);ZBS(-2,4);ZBS(-1,4);ZBS(0,4);ZBS(1,4);ZBS(2,4);ZBS(3,4);ZBS(4,4);mean_iota;aspect;growth_rate;quasisymmetry;well;effective_1o_time
-0.2;0.004682577321289676;3.555884810980106e-05;1.12648130985136e-05;-3.501747819428402e-05;-9.689832768639681e-05;-0.01016081615569227;-0.09241863006025411;0.1604793139096875;0.01446765533294755;-3.008215707830736e-05;-0.0001014020201396604;2.52596455489741e-05;-0.0001462355737151261;-0.0001397938585510762;0.01075651732367357;0.02749716231495962;0.009441870660411661;-0.004736727346239409;-0.0009709460240687055;2.353880687961419e-05;4.209531479707984e-05;5.974281273151615e-05;2.312909257350685e-05;-0.0005581119229260439;-0.0005430749565041033;-0.0002905990215898374;-0.0001219750243016848;-8.029950563832251e-05;7.060642743995284e-06;5.138463858958226e-06;-0.0001960881617267853;-0.0001484384884857938;2.442337812588634e-05;0.0003310743305573197;0.0003074936942475204;7.225934261243331e-05;6.182474828928807e-05;4.333436646843642e-05;4.028404151927043e-06;0.09727963201249451;0.004429892705649569;0.0001175641985947767;4.236431083430059e-05;-4.704418855003935e-05;0.0001257613242466213;0.01218964076452838;0.07326433854967616;0.1576619338336141;0.01200533251892072;-0.0004893709003553253;5.237724738076776e-06;4.700775026683548e-05;0.0001201210247723772;9.254131596836206e-05;-0.006632565948396443;0.02328866349538918;0.006665094487880732;-0.004592821425505623;-0.0007575900312093075;8.358645914100451e-05;4.445739357294369e-05;4.443278416619907e-05;0.0002739002008974616;0.0004477917938863792;-0.0002066948511598662;-0.000119857320120037;-0.0001231163706713804;1.818516848403011e-06;3.463720007750627e-05;1.78182043318098e-06;-2.646958295723027e-05;-0.0003324436690266708;-0.0001205529279985763;-0.0001081986837563495;7.451918852515116e-05;1.928308406474007e-05;9.714321572842322e-05;6.109954144578944e-05;1.273299149816931e-05;-0.45375911726240464;6.982961543549389;0.12491304438250476;51.032276029347784;-0.07468725733956436;0.0
-0.19183673469387758;0.004682577321289676;3.555884810980106e-05;1.12648130985136e-05;-3.501747819428402e-05;-9.689832768639681e-05;-0.01016081615569227;-0.09241863006025411;0.1604793139096875;0.01446765533294755;-3.008215707830736e-05;-0.0001014020201396604;2.52596455489741e-05;-0.0001462355737151261;-0.0001397938585510762;0.01075651732367357;0.02749716231495962;0.009441870660411661;-0.004736727346239409;-0.0009709460240687055;2.353880687961419e-05;4.209531479707984e-05;5.974281273151615e-05;2.312909257350685e-05;-0.0005581119229260439;-0.0005430749565041033;-0.0002905990215898374;-0.0001219750243016848;-8.029950563832251e-05;7.060642743995284e-06;5.138463858958226e-06;-0.0001960881617267853;-0.0001484384884857938;2.442337812588634e-05;0.0003310743305573197;0.0003074936942475204;7.225934261243331e-05;6.182474828928807e-05;4.333436646843642e-05;4.028404151927043e-06;0.09727963201249451;0.004429892705649569;0.0001175641985947767;4.236431083430059e-05;-4.704418855003935e-05;0.0001257613242466213;0.01218964076452838;0.07326433854967616;0.1576619338336141;0.01200533251892072;-0.0004893709003553253;5.237724738076776e-06;4.700775026683548e-05;0.0001201210247723772;9.254131596836206e-05;-0.006632565948396443;0.02328866349538918;0.006665094487880732;-0.004592821425505623;-0.0007575900312093075;8.358645914100451e-05;4.445739357294369e-05;4.443278416619907e-05;0.0002739002008974616;0.0004477917938863792;-0.0002066948511598662;-0.000119857320120037;-0.0001231163706713804;1.818516848403011e-06;3.463720007750627e-05;1.78182043318098e-06;-2.646958295723027e-05;-0.0003324436690266708;-0.0001205529279985763;-0.0001081986837563495;7.451918852515116e-05;1.928308406474007e-05;9.714321572842322e-05;6.109954144578944e-05;1.273299149816931e-05;-0.4698105017442975;6.983435482352821;0.11229546158530623;47.39919241220618;-0.08274898051122545;0.0
-0.1836734693877551;0.004682577321289676;3.555884810980106e-05;1.12648130985136e-05;-3.501747819428402e-05;-9.689832768639681e-05;-0.01016081615569227;-0.09241863006025411;0.1604793139096875;0.01446765533294755;-3.008215707830736e-05;-0.0001014020201396604;2.52596455489741e-05;-0.0001462355737151261;-0.0001397938585510762;0.01075651732367357;0.02749716231495962;0.009441870660411661;-0.004736727346239409;-0.0009709460240687055;2.353880687961419e-05;4.209531479707984e-05;5.974281273151615e-05;2.312909257350685e-05;-0.0005581119229260439;-0.0005430749565041033;-0.0002905990215898374;-0.0001219750243016848;-8.029950563832251e-05;7.060642743995284e-06;5.138463858958226e-06;-0.0001960881617267853;-0.0001484384884857938;2.442337812588634e-05;0.0003310743305573197;0.0003074936942475204;7.225934261243331e-05;6.182474828928807e-05;4.333436646843642e-05;4.028404151927043e-06;0.09727963201249451;0.004429892705649569;0.0001175641985947767;4.236431083430059e-05;-4.704418855003935e-05;0.0001257613242466213;0.01218964076452838;0.07326433854967616;0.1576619338336141;0.01200533251892072;-0.0004893709003553253;5.237724738076776e-06;4.700775026683548e-05;0.0001201210247723772;9.254131596836206e-05;-0.006632565948396443;0.02328866349538918;0.006665094487880732;-0.004592821425505623;-0.0007575900312093075;8.358645914100451e-05;4.445739357294369e-05;4.443278416619907e-05;0.0002739002008974616;0.0004477917938863792;-0.0002066948511598662;-0.000119857320120037;-0.0001231163706713804;1.818516848403011e-06;3.463720007750627e-05;1.78182043318098e-06;-2.646958295723027e-05;-0.0003324436690266708;-0.0001205529279985763;-0.0001081986837563495;7.451918852515116e-05;1.928308406474007e-05;9.714321572842322e-05;6.109954144578944e-05;1.273299149816931e-05;-0.48639124513723714;6.983909421156228;0.11105590617192784;44.100752255063526;-0.08953982674024927;0.0
-0.17551020408163265;0.004682577321289676;3.555884810980106e-05;1.12648130985136e-05;-3.501747819428402e-05;-9.689832768639681e-05;-0.01016081615569227;-0.09241863006025411;0.1604793139096875;0.01446765533294755;-3.008215707830736e-05;-0.0001014020201396604;2.52596455489741e-05;-0.0001462355737151261;-0.0001397938585510762;0.01075651732367357;0.02749716231495962;0.009441870660411661;-0.004736727346239409;-0.0009709460240687055;2.353880687961419e-05;4.209531479707984e-05;5.974281273151615e-05;2.312909257350685e-05;-0.0005581119229260439;-0.0005430749565041033;-0.0002905990215898374;-0.0001219750243016848;-8.029950563832251e-05;7.060642743995284e-06;5.138463858958226e-06;-0.0001960881617267853;-0.0001484384884857938;2.442337812588634e-05;0.0003310743305573197;0.0003074936942475204;7.225934261243331e-05;6.182474828928807e-05;4.333436646843642e-05;4.028404151927043e-06;0.09727963201249451;0.004429892705649569;0.0001175641985947767;4.236431083430059e-05;-4.704418855003935e-05;0.0001257613242466213;0.01218964076452838;0.07326433854967616;0.1576619338336141;0.01200533251892072;-0.0004893709003553253;5.237724738076776e-06;4.700775026683548e-05;0.0001201210247723772;9.254131596836206e-05;-0.006632565948396443;0.02328866349538918;0.006665094487880732;-0.004592821425505623;-0.0007575900312093075;8.358645914100451e-05;4.445739357294369e-05;4.443278416619907e-05;0.0002739002008974616;0.0004477917938863792;-0.0002066948511598662;-0.000119857320120037;-0.0001231163706713804;1.818516848403011e-06;3.463720007750627e-05;1.78182043318098e-06;-2.646958295723027e-05;-0.0003324436690266708;-0.0001205529279985763;-0.0001081986837563495;7.451918852515116e-05;1.928308406474007e-05;9.714321572842322e-05;6.109954144578944e-05;1.273299149816931e-05;-0.5034634821048728;6.984383359959672;0.11237589321985116;41.069285549270944;-0.09516487411966473;0.0
-0.1673469387755102;0.004682577321289676;3.555884810980106e-05;1.12648130985136e-05;-3.501747819428402e-05;-9.689832768639681e-05;-0.01016081615569227;-0.09241863006025411;0.1604793139096875;0.01446765533294755;-3.008215707830736e-05;-0.0001014020201396604;2.52596455489741e-05;-0.0001462355737151261;-0.0001397938585510762;0.01075651732367357;0.02749716231495962;0.009441870660411661;-0.004736727346239409;-0.0009709460240687055;2.353880687961419e-05;4.209531479707984e-05;5.974281273151615e-05;2.312909257350685e-05;-0.0005581119229260439;-0.0005430749565041033;-0.0002905990215898374;-0.0001219750243016848;-8.029950563832251e-05;7.060642743995284e-06;5.138463858958226e-06;-0.0001960881617267853;-0.0001484384884857938;2.442337812588634e-05;0.0003310743305573197;0.0003074936942475204;7.225934261243331e-05;6.182474828928807e-05;4.333436646843642e-05;4.028404151927043e-06;0.09727963201249451;0.004429892705649569;0.0001175641985947767;4.236431083430059e-05;-4.704418855003935e-05;0.0001257613242466213;0.01218964076452838;0.07326433854967616;0.1576619338336141;0.01200533251892072;-0.0004893709003553253;5.237724738076776e-06;4.700775026683548e-05;0.0001201210247723772;9.254131596836206e-05;-0.006632565948396443;0.02328866349538918;0.006665094487880732;-0.004592821425505623;-0.0007575900312093075;8.358645914100451e-05;4.445739357294369e-05;4.443278416619907e-05;0.0002739002008974616;0.0004477917938863792;-0.0002066948511598662;-0.000119857320120037;-0.0001231163706713804;1.818516848403011e-06;3.463720007750627e-05;1.78182043318098e-06;-2.646958295723027e-05;-0.0003324436690266708;-0.0001205529279985763;-0.0001081986837563495;7.451918852515116e-05;1.928308406474007e-05;9.714321572842322e-05;6.109954144578944e-05;1.273299149816931e-05;-0.5209863212814202;6.9848572987631545;0.1084010632405008;38.279497612107406;-0.09967359992401492;0.0
-0.15918367346938778;0.004682577321289676;3.555884810980106e-05;1.12648130985136e-05;-3.501747819428402e-05;-9.689832768639681e-05;-0.01016081615569227;-0.09241863006025411;0.1604793139096875;0.01446765533294755;-3.008215707830736e-05;-0.0001014020201396604;2.52596455489741e-05;-0.0001462355737151261;-0.0001397938585510762;0.01075651732367357;0.02749716231495962;0.009441870660411661;-0.004736727346239409;-0.0009709460240687055;2.353880687961419e-05;4.209531479707984e-05;5.974281273151615e-05;2.312909257350685e-05;-0.0005581119229260439;-0.0005430749565041033;-0.0002905990215898374;-0.0001219750243016848;-8.029950563832251e-05;7.060642743995284e-06;5.138463858958226e-06;-0.0001960881617267853;-0.0001484384884857938;2.442337812588634e-05;0.0003310743305573197;0.0003074936942475204;7.225934261243331e-05;6.182474828928807e-05;4.333436646843642e-05;4.028404151927043e-06;0.09727963201249451;0.004429892705649569;0.0001175641985947767;4.236431083430059e-05;-4.704418855003935e-05;0.0001257613242466213;0.01218964076452838;0.07326433854967616;0.1576619338336141;0.01200533251892072;-0.0004893709003553253;5.237724738076776e-06;4.700775026683548e-05;0.0001201210247723772;9.254131596836206e-05;-0.006632565948396443;0.02328866349538918;0.006665094487880732;-0.004592821425505623;-0.0007575900312093075;8.358645914100451e-05;4.445739357294369e-05;4.443278416619907e-05;0.0002739002008974616;0.0004477917938863792;-0.0002066948511598662;-0.000119857320120037;-0.0001231163706713804;1.818516848403011e-06;3.463720007750627e-05;1.78182043318098e-06;-2.646958295723027e-05;-0.0003324436690266708;-0.0001205529279985763;-0.0001081986837563495;7.451918852515116e-05;1.928308406474007e-05;9.714321572842322e-05;6.109954144578944e-05;1.273299149816931e-05;-0.5389153468308374;6.985331237566628;0.1068572797358654;35.70473917174296;-0.10311650316672998;0.0
-0.1510204081632653;0.004682577321289676;3.555884810980106e-05;1.12648130985136e-05;-3.501747819428402e-05;-9.689832768639681e-05;-0.01016081615569227;-0.09241863006025411;0.1604793139096875;0.01446765533294755;-3.008215707830736e-05;-0.0001014020201396604;2.52596455489741e-05;-0.0001462355737151261;-0.0001397938585510762;0.01075651732367357;0.02749716231495962;0.009441870660411661;-0.004736727346239409;-0.0009709460240687055;2.353880687961419e-05;4.209531479707984e-05;5.974281273151615e-05;2.312909257350685e-05;-0.0005581119229260439;-0.0005430749565041033;-0.0002905990215898374;-0.0001219750243016848;-8.029950563832251e-05;7.060642743995284e-06;5.138463858958226e-06;-0.0001960881617267853;-0.0001484384884857938;2.442337812588634e-05;0.0003310743305573197;0.0003074936942475204;7.225934261243331e-05;6.182474828928807e-05;4.333436646843642e-05;4.028404151927043e-06;0.09727963201249451;0.004429892705649569;0.0001175641985947767;4.236431083430059e-05;-4.704418855003935e-05;0.0001257613242466213;0.01218964076452838;0.07326433854967616;0.1576619338336141;0.01200533251892072;-0.0004893709003553253;5.237724738076776e-06;4.700775026683548e-05;0.0001201210247723772;9.254131596836206e-05;-0.006632565948396443;0.02328866349538918;0.006665094487880732;-0.004592821425505623;-0.0007575900312093075;8.358645914100451e-05;4.445739357294369e-05;4.443278416619907e-05;0.0002739002008974616;0.0004477917938863792;-0.0002066948511598662;-0.000119857320120037;-0.0001231163706713804;1.818516848403011e-06;3.463720007750627e-05;1.78182043318098e-06;-2.646958295723027e-05;-0.0003324436690266708;-0.0001205529279985763;-0.0001081986837563495;7.451918852515116e-05;1.928308406474007e-05;9.714321572842322e-05;6.109954144578944e-05;1.273299149816931e-05;-0.5571991008747826;6.9858051763699684;0.10094662062568466;33.32223996222011;-0.10553310287453528;0.0
-0.14285714285714285;0.004682577321289676;3.555884810980106e-05;1.12648130985136e-05;-3.501747819428402e-05;-9.689832768639681e-05;-0.01016081615569227;-0.09241863006025411;0.1604793139096875;0.01446765533294755;-3.008215707830736e-05;-0.0001014020201396604;2.52596455489741e-05;-0.0001462355737151261;-0.0001397938585510762;0.01075651732367357;0.02749716231495962;0.009441870660411661;-0.004736727346239409;-0.0009709460240687055;2.353880687961419e-05;4.209531479707984e-05;5.974281273151615e-05;2.312909257350685e-05;-0.0005581119229260439;-0.0005430749565041033;-0.0002905990215898374;-0.0001219750243016848;-8.029950563832251e-05;7.060642743995284e-06;5.138463858958226e-06;-0.0001960881617267853;-0.0001484384884857938;2.442337812588634e-05;0.0003310743305573197;0.0003074936942475204;7.225934261243331e-05;6.182474828928807e-05;4.333436646843642e-05;4.028404151927043e-06;0.09727963201249451;0.004429892705649569;0.0001175641985947767;4.236431083430059e-05;-4.704418855003935e-05;0.0001257613242466213;0.01218964076452838;0.07326433854967616;0.1576619338336141;0.01200533251892072;-0.0004893709003553253;5.237724738076776e-06;4.700775026683548e-05;0.0001201210247723772;9.254131596836206e-05;-0.006632565948396443;0.02328866349538918;0.006665094487880732;-0.004592821425505623;-0.0007575900312093075;8.358645914100451e-05;4.445739357294369e-05;4.443278416619907e-05;0.0002739002008974616;0.0004477917938863792;-0.0002066948511598662;-0.000119857320120037;-0.0001231163706713804;1.818516848403011e-06;3.463720007750627e-05;1.78182043318098e-06;-2.646958295723027e-05;-0.0003324436690266708;-0.0001205529279985763;-0.0001081986837563495;7.451918852515116e-05;1.928308406474007e-05;9.714321572842322e-05;6.109954144578944e-05;1.273299149816931e-05;-0.5757952160480059;6.986279115173426;0.10814725427260476;31.102738560972416;-0.10704078210224072;0.0
-0.1346938775510204;0.004682577321289676;3.555884810980106e-05;1.12648130985136e-05;-3.501747819428402e-05;-9.689832768639681e-05;-0.01016081615569227;-0.09241863006025411;0.1604793139096875;0.01446765533294755;-3.008215707830736e-05;-0.0001014020201396604;2.52596455489741e-05;-0.0001462355737151261;-0.0001397938585510762;0.01075651732367357;0.02749716231495962;0.009441870660411661;-0.004736727346239409;-0.0009709460240687055;2.353880687961419e-05;4.209531479707984e-05;5.974281273151615e-05;2.312909257350685e-05;-0.0005581119229260439;-0.0005430749565041033;-0.0002905990215898374;-0.0001219750243016848;-8.029950563832251e-05;7.060642743995284e-06;5.138463858958226e-06;-0.0001960881617267853;-0.0001484384884857938;2.442337812588634e-05;0.0003310743305573197;0.0003074936942475204;7.225934261243331e-05;6.182474828928807e-05;4.333436646843642e-05;4.028404151927043e-06;0.09727963201249451;0.004429892705649569;0.0001175641985947767;4.236431083430059e-05;-4.704418855003935e-05;0.0001257613242466213;0.01218964076452838;0.07326433854967616;0.1576619338336141;0.01200533251892072;-0.0004893709003553253;5.237724738076776e-06;4.700775026683548e-05;0.0001201210247723772;9.254131596836206e-05;-0.006632565948396443;0.02328866349538918;0.006665094487880732;-0.004592821425505623;-0.0007575900312093075;8.358645914100451e-05;4.445739357294369e-05;4.443278416619907e-05;0.0002739002008974616;0.0004477917938863792;-0.0002066948511598662;-0.000119857320120037;-0.0001231163706713804;1.818516848403011e-06;3.463720007750627e-05;1.78182043318098e-06;-2.646958295723027e-05;-0.0003324436690266708;-0.0001205529279985763;-0.0001081986837563495;7.451918852515116e-05;1.928308406474007e-05;9.714321572842322e-05;6.109954144578944e-05;1.273299149816931e-05;-0.5946480906958508;6.9867530539769;0.10531311164907538;29.031864615278668;-0.10766970197713889;0.0
-0.12653061224489798;0.004682577321289676;3.555884810980106e-05;1.12648130985136e-05;-3.501747819428402e-05;-9.689832768639681e-05;-0.01016081615569227;-0.09241863006025411;0.1604793139096875;0.01446765533294755;-3.008215707830736e-05;-0.0001014020201396604;2.52596455489741e-05;-0.0001462355737151261;-0.0001397938585510762;0.01075651732367357;0.02749716231495962;0.009441870660411661;-0.004736727346239409;-0.0009709460240687055;2.353880687961419e-05;4.209531479707984e-05;5.974281273151615e-05;2.312909257350685e-05;-0.0005581119229260439;-0.0005430749565041033;-0.0002905990215898374;-0.0001219750243016848;-8.029950563832251e-05;7.060642743995284e-06;5.138463858958226e-06;-0.0001960881617267853;-0.0001484384884857938;2.442337812588634e-05;0.0003310743305573197;0.0003074936942475204;7.225934261243331e-05;6.182474828928807e-05;4.333436646843642e-05;4.028404151927043e-06;0.09727963201249451;0.004429892705649569;0.0001175641985947767;4.236431083430059e-05;-4.704418855003935e-05;0.0001257613242466213;0.01218964076452838;0.07326433854967616;0.1576619338336141;0.01200533251892072;-0.0004893709003553253;5.237724738076776e-06;4.700775026683548e-05;0.0001201210247723772;9.254131596836206e-05;-0.006632565948396443;0.02328866349538918;0.006665094487880732;-0.004592821425505623;-0.0007575900312093075;8.358645914100451e-05;4.445739357294369e-05;4.443278416619907e-05;0.0002739002008974616;0.0004477917938863792;-0.0002066948511598662;-0.000119857320120037;-0.0001231163706713804;1.818516848403011e-06;3.463720007750627e-05;1.78182043318098e-06;-2.646958295723027e-05;-0.0003324436690266708;-0.0001205529279985763;-0.0001081986837563495;7.451918852515116e-05;1.928308406474007e-05;9.714321572842322e-05;6.109954144578944e-05;1.273299149816931e-05;-0.6137087687221084;6.987226992780326;0.10897164347218913;27.09191040848281;-0.10751091356476827;0.0
-0.11836734693877551;0.004682577321289676;3.555884810980106e-05;1.12648130985136e-05;-3.501747819428402e-05;-9.689832768639681e-05;-0.01016081615569227;-0.09241863006025411;0.1604793139096875;0.01446765533294755;-3.008215707830736e-05;-0.0001014020201396604;2.52596455489741e-05;-0.0001462355737151261;-0.0001397938585510762;0.01075651732367357;0.02749716231495962;0.009441870660411661;-0.004736727346239409;-0.0009709460240687055;2.353880687961419e-05;4.209531479707984e-05;5.974281273151615e-05;2.312909257350685e-05;-0.0005581119229260439;-0.0005430749565041033;-0.0002905990215898374;-0.0001219750243016848;-8.029950563832251e-05;7.060642743995284e-06;5.138463858958226e-06;-0.0001960881617267853;-0.0001484384884857938;2.442337812588634e-05;0.0003310743305573197;0.0003074936942475204;7.225934261243331e-05;6.182474828928807e-05;4.333436646843642e-05;4.028404151927043e-06;0.09727963201249451;0.004429892705649569;0.0001175641985947767;4.236431083430059e-05;-4.704418855003935e-05;0.0001257613242466213;0.01218964076452838;0.07326433854967616;0.1576619338336141;0.01200533251892072;-0.0004893709003553253;5.237724738076776e-06;4.700775026683548e-05;0.0001201210247723772;9.254131596836206e-05;-0.006632565948396443;0.02328866349538918;0.006665094487880732;-0.004592821425505623;-0.0007575900312093075;8.358645914100451e-05;4.445739357294369e-05;4.443278416619907e-05;0.0002739002008974616;0.0004477917938863792;-0.0002066948511598662;-0.000119857320120037;-0.0001231163706713804;1.818516848403011e-06;3.463720007750627e-05;1.78182043318098e-06;-2.646958295723027e-05;-0.0003324436690266708;-0.0001205529279985763;-0.0001081986837563495;7.451918852515116e-05;1.928308406474007e-05;9.714321572842322e-05;6.109954144578944e-05;1.273299149816931e-05;-0.6329234283858789;6.9877009315837775;0.1113452962658175;25.268425905535697;-0.10663633030307375;0.0
-0.11020408163265306;0.004682577321289676;3.555884810980106e-05;1.12648130985136e-05;-3.501747819428402e-05;-9.689832768639681e-05;-0.01016081615569227;-0.09241863006025411;0.1604793139096875;0.01446765533294755;-3.008215707830736e-05;-0.0001014020201396604;2.52596455489741e-05;-0.0001462355737151261;-0.0001397938585510762;0.01075651732367357;0.02749716231495962;0.009441870660411661;-0.004736727346239409;-0.0009709460240687055;2.353880687961419e-05;4.209531479707984e-05;5.974281273151615e-05;2.312909257350685e-05;-0.0005581119229260439;-0.0005430749565041033;-0.0002905990215898374;-0.0001219750243016848;-8.029950563832251e-05;7.060642743995284e-06;5.138463858958226e-06;-0.0001960881617267853;-0.0001484384884857938;2.442337812588634e-05;0.0003310743305573197;0.0003074936942475204;7.225934261243331e-05;6.182474828928807e-05;4.333436646843642e-05;4.028404151927043e-06;0.09727963201249451;0.004429892705649569;0.0001175641985947767;4.236431083430059e-05;-4.704418855003935e-05;0.0001257613242466213;0.01218964076452838;0.07326433854967616;0.1576619338336141;0.01200533251892072;-0.0004893709003553253;5.237724738076776e-06;4.700775026683548e-05;0.0001201210247723772;9.254131596836206e-05;-0.006632565948396443;0.02328866349538918;0.006665094487880732;-0.004592821425505623;-0.0007575900312093075;8.358645914100451e-05;4.445739357294369e-05;4.443278416619907e-05;0.0002739002008974616;0.0004477917938863792;-0.0002066948511598662;-0.000119857320120037;-0.0001231163706713804;1.818516848403011e-06;3.463720007750627e-05;1.78182043318098e-06;-2.646958295723027e-05;-0.0003324436690266708;-0.0001205529279985763;-0.0001081986837563495;7.451918852515116e-05;1.928308406474007e-05;9.714321572842322e-05;6.109954144578944e-05;1.273299149816931e-05;-0.65224767913506;6.988174870387195;0.11244302760151341;23.548341521154452;-0.10511552291009521;0.0
-0.10204081632653061;0.004682577321289676;3.555884810980106e-05;1.12648130985136e-05;-3.501747819428402e-05;-9.689832768639681e-05;-0.01016081615569227;-0.09241863006025411;0.1604793139096875;0.01446765533294755;-3.008215707830736e-05;-0.0001014020201396604;2.52596455489741e-05;-0.0001462355737151261;-0.0001397938585510762;0.01075651732367357;0.02749716231495962;0.009441870660411661;-0.004736727346239409;-0.0009709460240687055;2.353880687961419e-05;4.209531479707984e-05;5.974281273151615e-05;2.312909257350685e-05;-0.0005581119229260439;-0.0005430749565041033;-0.0002905990215898374;-0.0001219750243016848;-8.029950563832251e-05;7.060642743995284e-06;5.138463858958226e-06;-0.0001960881617267853;-0.0001484384884857938;2.442337812588634e-05;0.0003310743305573197;0.0003074936942475204;7.225934261243331e-05;6.182474828928807e-05;4.333436646843642e-05;4.028404151927043e-06;0.09727963201249451;0.004429892705649569;0.0001175641985947767;4.236431083430059e-05;-4.704418855003935e-05;0.0001257613242466213;0.01218964076452838;0.07326433854967616;0.1576619338336141;0.01200533251892072;-0.0004893709003553253;5.237724738076776e-06;4.700775026683548e-05;0.0001201210247723772;9.254131596836206e-05;-0.006632565948396443;0.02328866349538918;0.006665094487880732;-0.004592821425505623;-0.0007575900312093075;8.358645914100451e-05;4.445739357294369e-05;4.443278416619907e-05;0.0002739002008974616;0.0004477917938863792;-0.0002066948511598662;-0.000119857320120037;-0.0001231163706713804;1.818516848403011e-06;3.463720007750627e-05;1.78182043318098e-06;-2.646958295723027e-05;-0.0003324436690266708;-0.0001205529279985763;-0.0001081986837563495;7.451918852515116e-05;1.928308406474007e-05;9.714321572842322e-05;6.109954144578944e-05;1.273299149816931e-05;-0.6716248209214911;6.988648809190648;0.10951142308935298;21.92163143443336;-0.10301997067152585;0.0
-0.09387755102040816;0.004682577321289676;3.555884810980106e-05;1.12648130985136e-05;-3.501747819428402e-05;-9.689832768639681e-05;-0.01016081615569227;-0.09241863006025411;0.1604793139096875;0.01446765533294755;-3.008215707830736e-05;-0.0001014020201396604;2.52596455489741e-05;-0.0001462355737151261;-0.0001397938585510762;0.01075651732367357;0.02749716231495962;0.009441870660411661;-0.004736727346239409;-0.0009709460240687055;2.353880687961419e-05;4.209531479707984e-05;5.974281273151615e-05;2.312909257350685e-05;-0.0005581119229260439;-0.0005430749565041033;-0.0002905990215898374;-0.0001219750243016848;-8.029950563832251e-05;7.060642743995284e-06;5.138463858958226e-06;-0.0001960881617267853;-0.0001484384884857938;2.442337812588634e-05;0.0003310743305573197;0.0003074936942475204;7.225934261243331e-05;6.182474828928807e-05;4.333436646843642e-05;4.028404151927043e-06;0.09727963201249451;0.004429892705649569;0.0001175641985947767;4.236431083430059e-05;-4.704418855003935e-05;0.0001257613242466213;0.01218964076452838;0.07326433854967616;0.1576619338336141;0.01200533251892072;-0.0004893709003553253;5.237724738076776e-06;4.700775026683548e-05;0.0001201210247723772;9.254131596836206e-05;-0.006632565948396443;0.02328866349538918;0.006665094487880732;-0.004592821425505623;-0.0007575900312093075;8.358645914100451e-05;4.445739357294369e-05;4.443278416619907e-05;0.0002739002008974616;0.0004477917938863792;-0.0002066948511598662;-0.000119857320120037;-0.0001231163706713804;1.818516848403011e-06;3.463720007750627e-05;1.78182043318098e-06;-2.646958295723027e-05;-0.0003324436690266708;-0.0001205529279985763;-0.0001081986837563495;7.451918852515116e-05;1.928308406474007e-05;9.714321572842322e-05;6.109954144578944e-05;1.273299149816931e-05;-0.69102991236649;6.98912274799408;0.1108592138947944;20.37640622486692;-0.1004596083411858;0.0
-0.08571428571428572;0.004682577321289676;3.555884810980106e-05;1.12648130985136e-05;-3.501747819428402e-05;-9.689832768639681e-05;-0.01016081615569227;-0.09241863006025411;0.1604793139096875;0.01446765533294755;-3.008215707830736e-05;-0.0001014020201396604;2.52596455489741e-05;-0.0001462355737151261;-0.0001397938585510762;0.01075651732367357;0.02749716231495962;0.009441870660411661;-0.004736727346239409;-0.0009709460240687055;2.353880687961419e-05;4.209531479707984e-05;5.974281273151615e-05;2.312909257350685e-05;-0.0005581119229260439;-0.0005430749565041033;-0.0002905990215898374;-0.0001219750243016848;-8.029950563832251e-05;7.060642743995284e-06;5.138463858958226e-06;-0.0001960881617267853;-0.0001484384884857938;2.442337812588634e-05;0.0003310743305573197;0.0003074936942475204;7.225934261243331e-05;6.182474828928807e-05;4.333436646843642e-05;4.028404151927043e-06;0.09727963201249451;0.004429892705649569;0.0001175641985947767;4.236431083430059e-05;-4.704418855003935e-05;0.0001257613242466213;0.01218964076452838;0.07326433854967616;0.1576619338336141;0.01200533251892072;-0.0004893709003553253;5.237724738076776e-06;4.700775026683548e-05;0.0001201210247723772;9.254131596836206e-05;-0.006632565948396443;0.02328866349538918;0.006665094487880732;-0.004592821425505623;-0.0007575900312093075;8.358645914100451e-05;4.445739357294369e-05;4.443278416619907e-05;0.0002739002008974616;0.0004477917938863792;-0.0002066948511598662;-0.000119857320120037;-0.0001231163706713804;1.818516848403011e-06;3.463720007750627e-05;1.78182043318098e-06;-2.646958295723027e-05;-0.0003324436690266708;-0.0001205529279985763;-0.0001081986837563495;7.451918852515116e-05;1.928308406474007e-05;9.714321572842322e-05;6.109954144578944e-05;1.273299149816931e-05;-0.7104004430434949;6.989596686797548;0.11658424294177498;18.906784347926965;-0.09747198972568527;0.0
-0.07755102040816327;0.004682577321289676;3.555884810980106e-05;1.12648130985136e-05;-3.501747819428402e-05;-9.689832768639681e-05;-0.01016081615569227;-0.09241863006025411;0.1604793139096875;0.01446765533294755;-3.008215707830736e-05;-0.0001014020201396604;2.52596455489741e-05;-0.0001462355737151261;-0.0001397938585510762;0.01075651732367357;0.02749716231495962;0.009441870660411661;-0.004736727346239409;-0.0009709460240687055;2.353880687961419e-05;4.209531479707984e-05;5.974281273151615e-05;2.312909257350685e-05;-0.0005581119229260439;-0.0005430749565041033;-0.0002905990215898374;-0.0001219750243016848;-8.029950563832251e-05;7.060642743995284e-06;5.138463858958226e-06;-0.0001960881617267853;-0.0001484384884857938;2.442337812588634e-05;0.0003310743305573197;0.0003074936942475204;7.225934261243331e-05;6.182474828928807e-05;4.333436646843642e-05;4.028404151927043e-06;0.09727963201249451;0.004429892705649569;0.0001175641985947767;4.236431083430059e-05;-4.704418855003935e-05;0.0001257613242466213;0.01218964076452838;0.07326433854967616;0.1576619338336141;0.01200533251892072;-0.0004893709003553253;5.237724738076776e-06;4.700775026683548e-05;0.0001201210247723772;9.254131596836206e-05;-0.006632565948396443;0.02328866349538918;0.006665094487880732;-0.004592821425505623;-0.0007575900312093075;8.358645914100451e-05;4.445739357294369e-05;4.443278416619907e-05;0.0002739002008974616;0.0004477917938863792;-0.0002066948511598662;-0.000119857320120037;-0.0001231163706713804;1.818516848403011e-06;3.463720007750627e-05;1.78182043318098e-06;-2.646958295723027e-05;-0.0003324436690266708;-0.0001205529279985763;-0.0001081986837563495;7.451918852515116e-05;1.928308406474007e-05;9.714321572842322e-05;6.109954144578944e-05;1.273299149816931e-05;-0.7297016043880825;6.990070625600973;0.11441357558169157;17.506027346822883;-0.09413828515389858;0.0
-0.06938775510204082;0.004682577321289676;3.555884810980106e-05;1.12648130985136e-05;-3.501747819428402e-05;-9.689832768639681e-05;-0.01016081615569227;-0.09241863006025411;0.1604793139096875;0.01446765533294755;-3.008215707830736e-05;-0.0001014020201396604;2.52596455489741e-05;-0.0001462355737151261;-0.0001397938585510762;0.01075651732367357;0.02749716231495962;0.009441870660411661;-0.004736727346239409;-0.0009709460240687055;2.353880687961419e-05;4.209531479707984e-05;5.974281273151615e-05;2.312909257350685e-05;-0.0005581119229260439;-0.0005430749565041033;-0.0002905990215898374;-0.0001219750243016848;-8.029950563832251e-05;7.060642743995284e-06;5.138463858958226e-06;-0.0001960881617267853;-0.0001484384884857938;2.442337812588634e-05;0.0003310743305573197;0.0003074936942475204;7.225934261243331e-05;6.182474828928807e-05;4.333436646843642e-05;4.028404151927043e-06;0.09727963201249451;0.004429892705649569;0.0001175641985947767;4.236431083430059e-05;-4.704418855003935e-05;0.0001257613242466213;0.01218964076452838;0.07326433854967616;0.1576619338336141;0.01200533251892072;-0.0004893709003553253;5.237724738076776e-06;4.700775026683548e-05;0.0001201210247723772;9.254131596836206e-05;-0.006632565948396443;0.02328866349538918;0.006665094487880732;-0.004592821425505623;-0.0007575900312093075;8.358645914100451e-05;4.445739357294369e-05;4.443278416619907e-05;0.0002739002008974616;0.0004477917938863792;-0.0002066948511598662;-0.000119857320120037;-0.0001231163706713804;1.818516848403011e-06;3.463720007750627e-05;1.78182043318098e-06;-2.646958295723027e-05;-0.0003324436690266708;-0.0001205529279985763;-0.0001081986837563495;7.451918852515116e-05;1.928308406474007e-05;9.714321572842322e-05;6.109954144578944e-05;1.273299149816931e-05;-0.7488962176032601;6.990544564404389;0.11513427420861748;16.168138916179622;-0.09052739799652876;0.0
-0.06122448979591838;0.004682577321289676;3.555884810980106e-05;1.12648130985136e-05;-3.501747819428402e-05;-9.689832768639681e-05;-0.01016081615569227;-0.09241863006025411;0.1604793139096875;0.01446765533294755;-3.008215707830736e-05;-0.0001014020201396604;2.52596455489741e-05;-0.0001462355737151261;-0.0001397938585510762;0.01075651732367357;0.02749716231495962;0.009441870660411661;-0.004736727346239409;-0.0009709460240687055;2.353880687961419e-05;4.209531479707984e-05;5.974281273151615e-05;2.312909257350685e-05;-0.0005581119229260439;-0.0005430749565041033;-0.0002905990215898374;-0.0001219750243016848;-8.029950563832251e-05;7.060642743995284e-06;5.138463858958226e-06;-0.0001960881617267853;-0.0001484384884857938;2.442337812588634e-05;0.0003310743305573197;0.0003074936942475204;7.225934261243331e-05;6.182474828928807e-05;4.333436646843642e-05;4.028404151927043e-06;0.09727963201249451;0.004429892705649569;0.0001175641985947767;4.236431083430059e-05;-4.704418855003935e-05;0.0001257613242466213;0.01218964076452838;0.07326433854967616;0.1576619338336141;0.01200533251892072;-0.0004893709003553253;5.237724738076776e-06;4.700775026683548e-05;0.0001201210247723772;9.254131596836206e-05;-0.006632565948396443;0.02328866349538918;0.006665094487880732;-0.004592821425505623;-0.0007575900312093075;8.358645914100451e-05;4.445739357294369e-05;4.443278416619907e-05;0.0002739002008974616;0.0004477917938863792;-0.0002066948511598662;-0.000119857320120037;-0.0001231163706713804;1.818516848403011e-06;3.463720007750627e-05;1.78182043318098e-06;-2.646958295723027e-05;-0.0003324436690266708;-0.0001205529279985763;-0.0001081986837563495;7.451918852515116e-05;1.928308406474007e-05;9.714321572842322e-05;6.109954144578944e-05;1.273299149816931e-05;-0.7679479402120273;6.9910185032078775;0.11299714597411044;14.890033903852762;-0.08670309672803356;0.0
-0.053061224489795916;0.004682577321289676;3.555884810980106e-05;1.12648130985136e-05;-3.501747819428402e-05;-9.689832768639681e-05;-0.01016081615569227;-0.09241863006025411;0.1604793139096875;0.01446765533294755;-3.008215707830736e-05;-0.0001014020201396604;2.52596455489741e-05;-0.0001462355737151261;-0.0001397938585510762;0.01075651732367357;0.02749716231495962;0.009441870660411661;-0.004736727346239409;-0.0009709460240687055;2.353880687961419e-05;4.209531479707984e-05;5.974281273151615e-05;2.312909257350685e-05;-0.0005581119229260439;-0.0005430749565041033;-0.0002905990215898374;-0.0001219750243016848;-8.029950563832251e-05;7.060642743995284e-06;5.138463858958226e-06;-0.0001960881617267853;-0.0001484384884857938;2.442337812588634e-05;0.0003310743305573197;0.0003074936942475204;7.225934261243331e-05;6.182474828928807e-05;4.333436646843642e-05;4.028404151927043e-06;0.09727963201249451;0.004429892705649569;0.0001175641985947767;4.236431083430059e-05;-4.704418855003935e-05;0.0001257613242466213;0.01218964076452838;0.07326433854967616;0.1576619338336141;0.01200533251892072;-0.0004893709003553253;5.237724738076776e-06;4.700775026683548e-05;0.0001201210247723772;9.254131596836206e-05;-0.006632565948396443;0.02328866349538918;0.006665094487880732;-0.004592821425505623;-0.0007575900312093075;8.358645914100451e-05;4.445739357294369e-05;4.443278416619907e-05;0.0002739002008974616;0.0004477917938863792;-0.0002066948511598662;-0.000119857320120037;-0.0001231163706713804;1.818516848403011e-06;3.463720007750627e-05;1.78182043318098e-06;-2.646958295723027e-05;-0.0003324436690266708;-0.0001205529279985763;-0.0001081986837563495;7.451918852515116e-05;1.928308406474007e-05;9.714321572842322e-05;6.109954144578944e-05;1.273299149816931e-05;-0.7868238959015115;6.9914924420113085;0.1125479972346305;13.66781964104075;-0.08272500018911541;0.0
-0.04489795918367345;0.004682577321289676;3.555884810980106e-05;1.12648130985136e-05;-3.501747819428402e-05;-9.689832768639681e-05;-0.01016081615569227;-0.09241863006025411;0.1604793139096875;0.01446765533294755;-3.008215707830736e-05;-0.0001014020201396604;2.52596455489741e-05;-0.0001462355737151261;-0.0001397938585510762;0.01075651732367357;0.02749716231495962;0.009441870660411661;-0.004736727346239409;-0.0009709460240687055;2.353880687961419e-05;4.209531479707984e-05;5.974281273151615e-05;2.312909257350685e-05;-0.0005581119229260439;-0.0005430749565041033;-0.0002905990215898374;-0.0001219750243016848;-8.029950563832251e-05;7.060642743995284e-06;5.138463858958226e-06;-0.0001960881617267853;-0.0001484384884857938;2.442337812588634e-05;0.0003310743305573197;0.0003074936942475204;7.225934261243331e-05;6.182474828928807e-05;4.333436646843642e-05;4.028404151927043e-06;0.09727963201249451;0.004429892705649569;0.0001175641985947767;4.236431083430059e-05;-4.704418855003935e-05;0.0001257613242466213;0.01218964076452838;0.07326433854967616;0.1576619338336141;0.01200533251892072;-0.0004893709003553253;5.237724738076776e-06;4.700775026683548e-05;0.0001201210247723772;9.254131596836206e-05;-0.006632565948396443;0.02328866349538918;0.006665094487880732;-0.004592821425505623;-0.0007575900312093075;8.358645914100451e-05;4.445739357294369e-05;4.443278416619907e-05;0.0002739002008974616;0.0004477917938863792;-0.0002066948511598662;-0.000119857320120037;-0.0001231163706713804;1.818516848403011e-06;3.463720007750627e-05;1.78182043318098e-06;-2.646958295723027e-05;-0.0003324436690266708;-0.0001205529279985763;-0.0001081986837563495;7.451918852515116e-05;1.928308406474007e-05;9.714321572842322e-05;6.109954144578944e-05;1.273299149816931e-05;-0.8054961558867327;6.991966380814724;0.10666106604810476;12.49949468846481;-0.07865169747105721;0.0
-0.03673469387755102;0.004682577321289676;3.555884810980106e-05;1.12648130985136e-05;-3.501747819428402e-05;-9.689832768639681e-05;-0.01016081615569227;-0.09241863006025411;0.1604793139096875;0.01446765533294755;-3.008215707830736e-05;-0.0001014020201396604;2.52596455489741e-05;-0.0001462355737151261;-0.0001397938585510762;0.01075651732367357;0.02749716231495962;0.009441870660411661;-0.004736727346239409;-0.0009709460240687055;2.353880687961419e-05;4.209531479707984e-05;5.974281273151615e-05;2.312909257350685e-05;-0.0005581119229260439;-0.0005430749565041033;-0.0002905990215898374;-0.0001219750243016848;-8.029950563832251e-05;7.060642743995284e-06;5.138463858958226e-06;-0.0001960881617267853;-0.0001484384884857938;2.442337812588634e-05;0.0003310743305573197;0.0003074936942475204;7.225934261243331e-05;6.182474828928807e-05;4.333436646843642e-05;4.028404151927043e-06;0.09727963201249451;0.004429892705649569;0.0001175641985947767;4.236431083430059e-05;-4.704418855003935e-05;0.0001257613242466213;0.01218964076452838;0.07326433854967616;0.1576619338336141;0.01200533251892072;-0.0004893709003553253;5.237724738076776e-06;4.700775026683548e-05;0.0001201210247723772;9.254131596836206e-05;-0.006632565948396443;0.02328866349538918;0.006665094487880732;-0.004592821425505623;-0.0007575900312093075;8.358645914100451e-05;4.445739357294369e-05;4.443278416619907e-05;0.0002739002008974616;0.0004477917938863792;-0.0002066948511598662;-0.000119857320120037;-0.0001231163706713804;1.818516848403011e-06;3.463720007750627e-05;1.78182043318098e-06;-2.646958295723027e-05;-0.0003324436690266708;-0.0001205529279985763;-0.0001081986837563495;7.451918852515116e-05;1.928308406474007e-05;9.714321572842322e-05;6.109954144578944e-05;1.273299149816931e-05;-0.8239355337723573;6.99244031961819;0.10056335741920715;11.38345532978948;-0.07453271822827985;0.0
-0.02857142857142858;0.004682577321289676;3.555884810980106e-05;1.12648130985136e-05;-3.501747819428402e-05;-9.689832768639681e-05;-0.01016081615569227;-0.09241863006025411;0.1604793139096875;0.01446765533294755;-3.008215707830736e-05;-0.0001014020201396604;2.52596455489741e-05;-0.0001462355737151261;-0.0001397938585510762;0.01075651732367357;0.02749716231495962;0.009441870660411661;-0.004736727346239409;-0.0009709460240687055;2.353880687961419e-05;4.209531479707984e-05;5.974281273151615e-05;2.312909257350685e-05;-0.0005581119229260439;-0.0005430749565041033;-0.0002905990215898374;-0.0001219750243016848;-8.029950563832251e-05;7.060642743995284e-06;5.138463858958226e-06;-0.0001960881617267853;-0.0001484384884857938;2.442337812588634e-05;0.0003310743305573197;0.0003074936942475204;7.225934261243331e-05;6.182474828928807e-05;4.333436646843642e-05;4.028404151927043e-06;0.09727963201249451;0.004429892705649569;0.0001175641985947767;4.236431083430059e-05;-4.704418855003935e-05;0.0001257613242466213;0.01218964076452838;0.07326433854967616;0.1576619338336141;0.01200533251892072;-0.0004893709003553253;5.237724738076776e-06;4.700775026683548e-05;0.0001201210247723772;9.254131596836206e-05;-0.006632565948396443;0.02328866349538918;0.006665094487880732;-0.004592821425505623;-0.0007575900312093075;8.358645914100451e-05;4.445739357294369e-05;4.443278416619907e-05;0.0002739002008974616;0.0004477917938863792;-0.0002066948511598662;-0.000119857320120037;-0.0001231163706713804;1.818516848403011e-06;3.463720007750627e-05;1.78182043318098e-06;-2.646958295723027e-05;-0.0003324436690266708;-0.0001205529279985763;-0.0001081986837563495;7.451918852515116e-05;1.928308406474007e-05;9.714321572842322e-05;6.109954144578944e-05;1.273299149816931e-05;-0.8421205045048267;6.99291425842158;0.0990460542748744;10.318841604079616;-0.07041982260191794;0.0
-0.020408163265306117;0.004682577321289676;3.555884810980106e-05;1.12648130985136e-05;-3.501747819428402e-05;-9.689832768639681e-05;-0.01016081615569227;-0.09241863006025411;0.1604793139096875;0.01446765533294755;-3.008215707830736e-05;-0.0001014020201396604;2.52596455489741e-05;-0.0001462355737151261;-0.0001397938585510762;0.01075651732367357;0.02749716231495962;0.009441870660411661;-0.004736727346239409;-0.0009709460240687055;2.353880687961419e-05;4.209531479707984e-05;5.974281273151615e-05;2.312909257350685e-05;-0.0005581119229260439;-0.0005430749565041033;-0.0002905990215898374;-0.0001219750243016848;-8.029950563832251e-05;7.060642743995284e-06;5.138463858958226e-06;-0.0001960881617267853;-0.0001484384884857938;2.442337812588634e-05;0.0003310743305573197;0.0003074936942475204;7.225934261243331e-05;6.182474828928807e-05;4.333436646843642e-05;4.028404151927043e-06;0.09727963201249451;0.004429892705649569;0.0001175641985947767;4.236431083430059e-05;-4.704418855003935e-05;0.0001257613242466213;0.01218964076452838;0.07326433854967616;0.1576619338336141;0.01200533251892072;-0.0004893709003553253;5.237724738076776e-06;4.700775026683548e-05;0.0001201210247723772;9.254131596836206e-05;-0.006632565948396443;0.02328866349538918;0.006665094487880732;-0.004592821425505623;-0.0007575900312093075;8.358645914100451e-05;4.445739357294369e-05;4.443278416619907e-05;0.0002739002008974616;0.0004477917938863792;-0.0002066948511598662;-0.000119857320120037;-0.0001231163706713804;1.818516848403011e-06;3.463720007750627e-05;1.78182043318098e-06;-2.646958295723027e-05;-0.0003324436690266708;-0.0001205529279985763;-0.0001081986837563495;7.451918852515116e-05;1.928308406474007e-05;9.714321572842322e-05;6.109954144578944e-05;1.273299149816931e-05;-0.8600257983298536;6.993388197225032;0.09901887186083887;9.30492446265432;-0.0663489656343678;0.0
-0.012244897959183654;0.004682577321289676;3.555884810980106e-05;1.12648130985136e-05;-3.501747819428402e-05;-9.689832768639681e-05;-0.01016081615569227;-0.09241863006025411;0.1604793139096875;0.01446765533294755;-3.008215707830736e-05;-0.0001014020201396604;2.52596455489741e-05;-0.0001462355737151261;-0.0001397938585510762;0.01075651732367357;0.02749716231495962;0.009441870660411661;-0.004736727346239409;-0.0009709460240687055;2.353880687961419e-05;4.209531479707984e-05;5.974281273151615e-05;2.312909257350685e-05;-0.0005581119229260439;-0.0005430749565041033;-0.0002905990215898374;-0.0001219750243016848;-8.029950563832251e-05;7.060642743995284e-06;5.138463858958226e-06;-0.0001960881617267853;-0.0001484384884857938;2.442337812588634e-05;0.0003310743305573197;0.0003074936942475204;7.225934261243331e-05;6.182474828928807e-05;4.333436646843642e-05;4.028404151927043e-06;0.09727963201249451;0.004429892705649569;0.0001175641985947767;4.236431083430059e-05;-4.704418855003935e-05;0.0001257613242466213;0.01218964076452838;0.07326433854967616;0.1576619338336141;0.01200533251892072;-0.0004893709003553253;5.237724738076776e-06;4.700775026683548e-05;0.0001201210247723772;9.254131596836206e-05;-0.006632565948396443;0.02328866349538918;0.006665094487880732;-0.004592821425505623;-0.0007575900312093075;8.358645914100451e-05;4.445739357294369e-05;4.443278416619907e-05;0.0002739002008974616;0.0004477917938863792;-0.0002066948511598662;-0.000119857320120037;-0.0001231163706713804;1.818516848403011e-06;3.463720007750627e-05;1.78182043318098e-06;-2.646958295723027e-05;-0.0003324436690266708;-0.0001205529279985763;-0.0001081986837563495;7.451918852515116e-05;1.928308406474007e-05;9.714321572842322e-05;6.109954144578944e-05;1.273299149816931e-05;-0.8776340839116453;6.993862136028477;0.09817561523462436;8.341624316159454;-0.06236264300145925;0.0
-0.004081632653061218;0.004682577321289676;3.555884810980106e-05;1.12648130985136e-05;-3.501747819428402e-05;-9.689832768639681e-05;-0.01016081615569227;-0.09241863006025411;0.1604793139096875;0.01446765533294755;-3.008215707830736e-05;-0.0001014020201396604;2.52596455489741e-05;-0.0001462355737151261;-0.0001397938585510762;0.01075651732367357;0.02749716231495962;0.009441870660411661;-0.004736727346239409;-0.0009709460240687055;2.353880687961419e-05;4.209531479707984e-05;5.974281273151615e-05;2.312909257350685e-05;-0.0005581119229260439;-0.0005430749565041033;-0.0002905990215898374;-0.0001219750243016848;-8.029950563832251e-05;7.060642743995284e-06;5.138463858958226e-06;-0.0001960881617267853;-0.0001484384884857938;2.442337812588634e-05;0.0003310743305573197;0.0003074936942475204;7.225934261243331e-05;6.182474828928807e-05;4.333436646843642e-05;4.028404151927043e-06;0.09727963201249451;0.004429892705649569;0.0001175641985947767;4.236431083430059e-05;-4.704418855003935e-05;0.0001257613242466213;0.01218964076452838;0.07326433854967616;0.1576619338336141;0.01200533251892072;-0.0004893709003553253;5.237724738076776e-06;4.700775026683548e-05;0.0001201210247723772;9.254131596836206e-05;-0.006632565948396443;0.02328866349538918;0.006665094487880732;-0.004592821425505623;-0.0007575900312093075;8.358645914100451e-05;4.445739357294369e-05;4.443278416619907e-05;0.0002739002008974616;0.0004477917938863792;-0.0002066948511598662;-0.000119857320120037;-0.0001231163706713804;1.818516848403011e-06;3.463720007750627e-05;1.78182043318098e-06;-2.646958295723027e-05;-0.0003324436690266708;-0.0001205529279985763;-0.0001081986837563495;7.451918852515116e-05;1.928308406474007e-05;9.714321572842322e-05;6.109954144578944e-05;1.273299149816931e-05;-0.8949282919862092;6.994336074831963;0.10253797671786964;7.428951516410393;-0.058495433037004115;0.0
0.004081632653061218;0.004682577321289676;3.555884810980106e-05;1.12648130985136e-05;-3.501747819428402e-05;-9.689832768639681e-05;-0.01016081615569227;-0.09241863006025411;0.1604793139096875;0.01446765533294755;-3.008215707830736e-05;-0.0001014020201396604;2.52596455489741e-05;-0.0001462355737151261;-0.0001397938585510762;0.01075651732367357;0.02749716231495962;0.009441870660411661;-0.004736727346239409;-0.0009709460240687055;2.353880687961419e-05;4.209531479707984e-05;5.974281273151615e-05;2.312909257350685e-05;-0.0005581119229260439;-0.0005430749565041033;-0.0002905990215898374;-0.0001219750243016848;-8.029950563832251e-05;7.060642743995284e-06;5.138463858958226e-06;-0.0001960881617267853;-0.0001484384884857938;2.442337812588634e-05;0.0003310743305573197;0.0003074936942475204;7.225934261243331e-05;6.182474828928807e-05;4.333436646843642e-05;4.028404151927043e-06;0.09727963201249451;0.004429892705649569;0.0001175641985947767;4.236431083430059e-05;-4.704418855003935e-05;0.0001257613242466213;0.01218964076452838;0.07326433854967616;0.1576619338336141;0.01200533251892072;-0.0004893709003553253;5.237724738076776e-06;4.700775026683548e-05;0.0001201210247723772;9.254131596836206e-05;-0.006632565948396443;0.02328866349538918;0.006665094487880732;-0.004592821425505623;-0.0007575900312093075;8.358645914100451e-05;4.445739357294369e-05;4.443278416619907e-05;0.0002739002008974616;0.0004477917938863792;-0.0002066948511598662;-0.000119857320120037;-0.0001231163706713804;1.818516848403011e-06;3.463720007750627e-05;1.78182043318098e-06;-2.646958295723027e-05;-0.0003324436690266708;-0.0001205529279985763;-0.0001081986837563495;7.451918852515116e-05;1.928308406474007e-05;9.714321572842322e-05;6.109954144578944e-05;1.273299149816931e-05;-0.9118940913343163;6.994810013635375;0.10745713137466428;6.56708959635311;-0.05477735637851726;0.0
0.012244897959183682;0.004682577321289676;3.555884810980106e-05;1.12648130985136e-05;-3.501747819428402e-05;-9.689832768639681e-05;-0.01016081615569227;-0.09241863006025411;0.1604793139096875;0.01446765533294755;-3.008215707830736e-05;-0.0001014020201396604;2.52596455489741e-05;-0.0001462355737151261;-0.0001397938585510762;0.01075651732367357;0.02749716231495962;0.009441870660411661;-0.004736727346239409;-0.0009709460240687055;2.353880687961419e-05;4.209531479707984e-05;5.974281273151615e-05;2.312909257350685e-05;-0.0005581119229260439;-0.0005430749565041033;-0.0002905990215898374;-0.0001219750243016848;-8.029950563832251e-05;7.060642743995284e-06;5.138463858958226e-06;-0.0001960881617267853;-0.0001484384884857938;2.442337812588634e-05;0.0003310743305573197;0.0003074936942475204;7.225934261243331e-05;6.182474828928807e-05;4.333436646843642e-05;4.028404151927043e-06;0.09727963201249451;0.004429892705649569;0.0001175641985947767;4.236431083430059e-05;-4.704418855003935e-05;0.0001257613242466213;0.01218964076452838;0.07326433854967616;0.1576619338336141;0.01200533251892072;-0.0004893709003553253;5.237724738076776e-06;4.700775026683548e-05;0.0001201210247723772;9.254131596836206e-05;-0.006632565948396443;0.02328866349538918;0.006665094487880732;-0.004592821425505623;-0.0007575900312093075;8.358645914100451e-05;4.445739357294369e-05;4.443278416619907e-05;0.0002739002008974616;0.0004477917938863792;-0.0002066948511598662;-0.000119857320120037;-0.0001231163706713804;1.818516848403011e-06;3.463720007750627e-05;1.78182043318098e-06;-2.646958295723027e-05;-0.0003324436690266708;-0.0001205529279985763;-0.0001081986837563495;7.451918852515116e-05;1.928308406474007e-05;9.714321572842322e-05;6.109954144578944e-05;1.273299149816931e-05;-0.9285201685220525;6.99528395243881;0.1284185371902011;5.756300934064433;-0.05123510360525122;0.0
0.020408163265306145;0.004682577321289676;3.555884810980106e-05;1.12648130985136e-05;-3.501747819428402e-05;-9.689832768639681e-05;-0.01016081615569227;-0.09241863006025411;0.1604793139096875;0.01446765533294755;-3.008215707830736e-05;-0.0001014020201396604;2.52596455489741e-05;-0.0001462355737151261;-0.0001397938585510762;0.01075651732367357;0.02749716231495962;0.009441870660411661;-0.004736727346239409;-0.0009709460240687055;2.353880687961419e-05;4.209531479707984e-05;5.974281273151615e-05;2.312909257350685e-05;-0.0005581119229260439;-0.0005430749565041033;-0.0002905990215898374;-0.0001219750243016848;-8.029950563832251e-05;7.060642743995284e-06;5.138463858958226e-06;-0.0001960881617267853;-0.0001484384884857938;2.442337812588634e-05;0.0003310743305573197;0.0003074936942475204;7.225934261243331e-05;6.182474828928807e-05;4.333436646843642e-05;4.028404151927043e-06;0.09727963201249451;0.004429892705649569;0.0001175641985947767;4.236431083430059e-05;-4.704418855003935e-05;0.0001257613242466213;0.01218964076452838;0.07326433854967616;0.1576619338336141;0.01200533251892072;-0.0004893709003553253;5.237724738076776e-06;4.700775026683548e-05;0.0001201210247723772;9.254131596836206e-05;-0.006632565948396443;0.02328866349538918;0.006665094487880732;-0.004592821425505623;-0.0007575900312093075;8.358645914100451e-05;4.445739357294369e-05;4.443278416619907e-05;0.0002739002008974616;0.0004477917938863792;-0.0002066948511598662;-0.000119857320120037;-0.0001231163706713804;1.818516848403011e-06;3.463720007750627e-05;1.78182043318098e-06;-2.646958295723027e-05;-0.0003324436690266708;-0.0001205529279985763;-0.0001081986837563495;7.451918852515116e-05;1.928308406474007e-05;9.714321572842322e-05;6.109954144578944e-05;1.273299149816931e-05;-0.944795837575699;6.995757891242249;0.11907972308042591;4.996906277555498;-0.04789066810156464;0.0
0.02857142857142858;0.004682577321289676;3.555884810980106e-05;1.12648130985136e-05;-3.501747819428402e-05;-9.689832768639681e-05;-0.01016081615569227;-0.09241863006025411;0.1604793139096875;0.01446765533294755;-3.008215707830736e-05;-0.0001014020201396604;2.52596455489741e-05;-0.0001462355737151261;-0.0001397938585510762;0.01075651732367357;0.02749716231495962;0.009441870660411661;-0.004736727346239409;-0.0009709460240687055;2.353880687961419e-05;4.209531479707984e-05;5.974281273151615e-05;2.312909257350685e-05;-0.0005581119229260439;-0.0005430749565041033;-0.0002905990215898374;-0.0001219750243016848;-8.029950563832251e-05;7.060642743995284e-06;5.138463858958226e-06;-0.0001960881617267853;-0.0001484384884857938;2.442337812588634e-05;0.0003310743305573197;0.0003074936942475204;7.225934261243331e-05;6.182474828928807e-05;4.333436646843642e-05;4.028404151927043e-06;0.09727963201249451;0.004429892705649569;0.0001175641985947767;4.236431083430059e-05;-4.704418855003935e-05;0.0001257613242466213;0.01218964076452838;0.07326433854967616;0.1576619338336141;0.01200533251892072;-0.0004893709003553253;5.237724738076776e-06;4.700775026683548e-05;0.0001201210247723772;9.254131596836206e-05;-0.006632565948396443;0.02328866349538918;0.006665094487880732;-0.004592821425505623;-0.0007575900312093075;8.358645914100451e-05;4.445739357294369e-05;4.443278416619907e-05;0.0002739002008974616;0.0004477917938863792;-0.0002066948511598662;-0.000119857320120037;-0.0001231163706713804;1.818516848403011e-06;3.463720007750627e-05;1.78182043318098e-06;-2.646958295723027e-05;-0.0003324436690266708;-0.0001205529279985763;-0.0001081986837563495;7.451918852515116e-05;1.928308406474007e-05;9.714321572842322e-05;6.109954144578944e-05;1.273299149816931e-05;-0.9607136921194908;6.99623183004573;0.11243065239228235;4.2892275700934075;-0.04476301917656403;0.0
0.03673469387755102;0.004682577321289676;3.555884810980106e-05;1.12648130985136e-05;-3.501747819428402e-05;-9.689832768639681e-05;-0.01016081615569227;-0.09241863006025411;0.1604793139096875;0.01446765533294755;-3.008215707830736e-05;-0.0001014020201396604;2.52596455489741e-05;-0.0001462355737151261;-0.0001397938585510762;0.01075651732367357;0.02749716231495962;0.009441870660411661;-0.004736727346239409;-0.0009709460240687055;2.353880687961419e-05;4.209531479707984e-05;5.974281273151615e-05;2.312909257350685e-05;-0.0005581119229260439;-0.0005430749565041033;-0.0002905990215898374;-0.0001219750243016848;-8.029950563832251e-05;7.060642743995284e-06;5.138463858958226e-06;-0.0001960881617267853;-0.0001484384884857938;2.442337812588634e-05;0.0003310743305573197;0.0003074936942475204;7.225934261243331e-05;6.182474828928807e-05;4.333436646843642e-05;4.028404151927043e-06;0.09727963201249451;0.004429892705649569;0.0001175641985947767;4.236431083430059e-05;-4.704418855003935e-05;0.0001257613242466213;0.01218964076452838;0.07326433854967616;0.1576619338336141;0.01200533251892072;-0.0004893709003553253;5.237724738076776e-06;4.700775026683548e-05;0.0001201210247723772;9.254131596836206e-05;-0.006632565948396443;0.02328866349538918;0.006665094487880732;-0.004592821425505623;-0.0007575900312093075;8.358645914100451e-05;4.445739357294369e-05;4.443278416619907e-05;0.0002739002008974616;0.0004477917938863792;-0.0002066948511598662;-0.000119857320120037;-0.0001231163706713804;1.818516848403011e-06;3.463720007750627e-05;1.78182043318098e-06;-2.646958295723027e-05;-0.0003324436690266708;-0.0001205529279985763;-0.0001081986837563495;7.451918852515116e-05;1.928308406474007e-05;9.714321572842322e-05;6.109954144578944e-05;1.273299149816931e-05;-0.9762666998430823;6.996705768849148;0.11325552716195114;3.6336082265554697;-0.041867176039800676;0.0
0.04489795918367348;0.004682577321289676;3.555884810980106e-05;1.12648130985136e-05;-3.501747819428402e-05;-9.689832768639681e-05;-0.01016081615569227;-0.09241863006025411;0.1604793139096875;0.01446765533294755;-3.008215707830736e-05;-0.0001014020201396604;2.52596455489741e-05;-0.0001462355737151261;-0.0001397938585510762;0.01075651732367357;0.02749716231495962;0.009441870660411661;-0.004736727346239409;-0.0009709460240687055;2.353880687961419e-05;4.209531479707984e-05;5.974281273151615e-05;2.312909257350685e-05;-0.0005581119229260439;-0.0005430749565041033;-0.0002905990215898374;-0.0001219750243016848;-8.029950563832251e-05;7.060642743995284e-06;5.138463858958226e-06;-0.0001960881617267853;-0.0001484384884857938;2.442337812588634e-05;0.0003310743305573197;0.0003074936942475204;7.225934261243331e-05;6.182474828928807e-05;4.333436646843642e-05;4.028404151927043e-06;0.09727963201249451;0.004429892705649569;0.0001175641985947767;4.236431083430059e-05;-4.704418855003935e-05;0.0001257613242466213;0.01218964076452838;0.07326433854967616;0.1576619338336141;0.01200533251892072;-0.0004893709003553253;5.237724738076776e-06;4.700775026683548e-05;0.0001201210247723772;9.254131596836206e-05;-0.006632565948396443;0.02328866349538918;0.006665094487880732;-0.004592821425505623;-0.0007575900312093075;8.358645914100451e-05;4.445739357294369e-05;4.443278416619907e-05;0.0002739002008974616;0.0004477917938863792;-0.0002066948511598662;-0.000119857320120037;-0.0001231163706713804;1.818516848403011e-06;3.463720007750627e-05;1.78182043318098e-06;-2.646958295723027e-05;-0.0003324436690266708;-0.0001205529279985763;-0.0001081986837563495;7.451918852515116e-05;1.928308406474007e-05;9.714321572842322e-05;6.109954144578944e-05;1.273299149816931e-05;-0.9914505424418845;6.99717970765261;0.11649492805480131;3.0303927777483803;-0.039215213106383054;0.0
0.053061224489795944;0.004682577321289676;3.555884810980106e-05;1.12648130985136e-05;-3.501747819428402e-05;-9.689832768639681e-05;-0.01016081615569227;-0.09241863006025411;0.1604793139096875;0.01446765533294755;-3.008215707830736e-05;-0.0001014020201396604;2.52596455489741e-05;-0.0001462355737151261;-0.0001397938585510762;0.01075651732367357;0.02749716231495962;0.009441870660411661;-0.004736727346239409;-0.0009709460240687055;2.353880687961419e-05;4.209531479707984e-05;5.974281273151615e-05;2.312909257350685e-05;-0.0005581119229260439;-0.0005430749565041033;-0.0002905990215898374;-0.0001219750243016848;-8.029950563832251e-05;7.060642743995284e-06;5.138463858958226e-06;-0.0001960881617267853;-0.0001484384884857938;2.442337812588634e-05;0.0003310743305573197;0.0003074936942475204;7.225934261243331e-05;6.182474828928807e-05;4.333436646843642e-05;4.028404151927043e-06;0.09727963201249451;0.004429892705649569;0.0001175641985947767;4.236431083430059e-05;-4.704418855003935e-05;0.0001257613242466213;0.01218964076452838;0.07326433854967616;0.1576619338336141;0.01200533251892072;-0.0004893709003553253;5.237724738076776e-06;4.700775026683548e-05;0.0001201210247723772;9.254131596836206e-05;-0.006632565948396443;0.02328866349538918;0.006665094487880732;-0.004592821425505623;-0.0007575900312093075;8.358645914100451e-05;4.445739357294369e-05;4.443278416619907e-05;0.0002739002008974616;0.0004477917938863792;-0.0002066948511598662;-0.000119857320120037;-0.0001231163706713804;1.818516848403011e-06;3.463720007750627e-05;1.78182043318098e-06;-2.646958295723027e-05;-0.0003324436690266708;-0.0001205529279985763;-0.0001081986837563495;7.451918852515116e-05;1.928308406474007e-05;9.714321572842322e-05;6.109954144578944e-05;1.273299149816931e-05;-1.0062628287068978;6.997653646456024;0.1174123676293277;2.4799458356743265;-0.036817550103110566;0.0
0.06122448979591838;0.004682577321289676;3.555884810980106e-05;1.12648130985136e-05;-3.501747819428402e-05;-9.689832768639681e-05;-0.01016081615569227;-0.09241863006025411;0.1604793139096875;0.01446765533294755;-3.008215707830736e-05;-0.0001014020201396604;2.52596455489741e-05;-0.0001462355737151261;-0.0001397938585510762;0.01075651732367357;0.02749716231495962;0.009441870660411661;-0.004736727346239409;-0.0009709460240687055;2.353880687961419e-05;4.209531479707984e-05;5.974281273151615e-05;2.312909257350685e-05;-0.0005581119229260439;-0.0005430749565041033;-0.0002905990215898374;-0.0001219750243016848;-8.029950563832251e-05;7.060642743995284e-06;5.138463858958226e-06;-0.0001960881617267853;-0.0001484384884857938;2.442337812588634e-05;0.0003310743305573197;0.0003074936942475204;7.225934261243331e-05;6.182474828928807e-05;4.333436646843642e-05;4.028404151927043e-06;0.09727963201249451;0.004429892705649569;0.0001175641985947767;4.236431083430059e-05;-4.704418855003935e-05;0.0001257613242466213;0.01218964076452838;0.07326433854967616;0.1576619338336141;0.01200533251892072;-0.0004893709003553253;5.237724738076776e-06;4.700775026683548e-05;0.0001201210247723772;9.254131596836206e-05;-0.006632565948396443;0.02328866349538918;0.006665094487880732;-0.004592821425505623;-0.0007575900312093075;8.358645914100451e-05;4.445739357294369e-05;4.443278416619907e-05;0.0002739002008974616;0.0004477917938863792;-0.0002066948511598662;-0.000119857320120037;-0.0001231163706713804;1.818516848403011e-06;3.463720007750627e-05;1.78182043318098e-06;-2.646958295723027e-05;-0.0003324436690266708;-0.0001205529279985763;-0.0001081986837563495;7.451918852515116e-05;1.928308406474007e-05;9.714321572842322e-05;6.109954144578944e-05;1.273299149816931e-05;-1.0207013628112096;6.998127585259487;0.12224582941069474;1.9826885676666128;-0.03467975487885883;0.0
0.06938775510204082;0.004682577321289676;3.555884810980106e-05;1.12648130985136e-05;-3.501747819428402e-05;-9.689832768639681e-05;-0.01016081615569227;-0.09241863006025411;0.1604793139096875;0.01446765533294755;-3.008215707830736e-05;-0.0001014020201396604;2.52596455489741e-05;-0.0001462355737151261;-0.0001397938585510762;0.01075651732367357;0.02749716231495962;0.009441870660411661;-0.004736727346239409;-0.0009709460240687055;2.353880687961419e-05;4.209531479707984e-05;5.974281273151615e-05;2.312909257350685e-05;-0.0005581119229260439;-0.0005430749565041033;-0.0002905990215898374;-0.0001219750243016848;-8.029950563832251e-05;7.060642743995284e-06;5.138463858958226e-06;-0.0001960881617267853;-0.0001484384884857938;2.442337812588634e-05;0.0003310743305573197;0.0003074936942475204;7.225934261243331e-05;6.182474828928807e-05;4.333436646843642e-05;4.028404151927043e-06;0.09727963201249451;0.004429892705649569;0.0001175641985947767;4.236431083430059e-05;-4.704418855003935e-05;0.0001257613242466213;0.01218964076452838;0.07326433854967616;0.1576619338336141;0.01200533251892072;-0.0004893709003553253;5.237724738076776e-06;4.700775026683548e-05;0.0001201210247723772;9.254131596836206e-05;-0.006632565948396443;0.02328866349538918;0.006665094487880732;-0.004592821425505623;-0.0007575900312093075;8.358645914100451e-05;4.445739357294369e-05;4.443278416619907e-05;0.0002739002008974616;0.0004477917938863792;-0.0002066948511598662;-0.000119857320120037;-0.0001231163706713804;1.818516848403011e-06;3.463720007750627e-05;1.78182043318098e-06;-2.646958295723027e-05;-0.0003324436690266708;-0.0001205529279985763;-0.0001081986837563495;7.451918852515116e-05;1.928308406474007e-05;9.714321572842322e-05;6.109954144578944e-05;1.273299149816931e-05;-1.0347652744579563;6.998601524062902;0.13161765432197928;1.5391087339414045;-0.03280622984842617;0.0
0.07755102040816325;0.004682577321289676;3.555884810980106e-05;1.12648130985136e-05;-3.501747819428402e-05;-9.689832768639681e-05;-0.01016081615569227;-0.09241863006025411;0.1604793139096875;0.01446765533294755;-3.008215707830736e-05;-0.0001014020201396604;2.52596455489741e-05;-0.0001462355737151261;-0.0001397938585510762;0.01075651732367357;0.02749716231495962;0.009441870660411661;-0.004736727346239409;-0.0009709460240687055;2.353880687961419e-05;4.209531479707984e-05;5.974281273151615e-05;2.312909257350685e-05;-0.0005581119229260439;-0.0005430749565041033;-0.0002905990215898374;-0.0001219750243016848;-8.029950563832251e-05;7.060642743995284e-06;5.138463858958226e-06;-0.0001960881617267853;-0.0001484384884857938;2.442337812588634e-05;0.0003310743305573197;0.0003074936942475204;7.225934261243331e-05;6.182474828928807e-05;4.333436646843642e-05;4.028404151927043e-06;0.09727963201249451;0.004429892705649569;0.0001175641985947767;4.236431083430059e-05;-4.704418855003935e-05;0.0001257613242466213;0.01218964076452838;0.07326433854967616;0.1576619338336141;0.01200533251892072;-0.0004893709003553253;5.237724738076776e-06;4.700775026683548e-05;0.0001201210247723772;9.254131596836206e-05;-0.006632565948396443;0.02328866349538918;0.006665094487880732;-0.004592821425505623;-0.0007575900312093075;8.358645914100451e-05;4.445739357294369e-05;4.443278416619907e-05;0.0002739002008974616;0.0004477917938863792;-0.0002066948511598662;-0.000119857320120037;-0.0001231163706713804;1.818516848403011e-06;3.463720007750627e-05;1.78182043318098e-06;-2.646958295723027e-05;-0.0003324436690266708;-0.0001205529279985763;-0.0001081986837563495;7.451918852515116e-05;1.928308406474007e-05;9.714321572842322e-05;6.109954144578944e-05;1.273299149816931e-05;-1.0484559039550823;6.999075462866349;0.1487692330352453;1.1498039061525767;-0.031199138489118143;0.0
0.08571428571428574;0.004682577321289676;3.555884810980106e-05;1.12648130985136e-05;-3.501747819428402e-05;-9.689832768639681e-05;-0.01016081615569227;-0.09241863006025411;0.1604793139096875;0.01446765533294755;-3.008215707830736e-05;-0.0001014020201396604;2.52596455489741e-05;-0.0001462355737151261;-0.0001397938585510762;0.01075651732367357;0.02749716231495962;0.009441870660411661;-0.004736727346239409;-0.0009709460240687055;2.353880687961419e-05;4.209531479707984e-05;5.974281273151615e-05;2.312909257350685e-05;-0.0005581119229260439;-0.0005430749565041033;-0.0002905990215898374;-0.0001219750243016848;-8.029950563832251e-05;7.060642743995284e-06;5.138463858958226e-06;-0.0001960881617267853;-0.0001484384884857938;2.442337812588634e-05;0.0003310743305573197;0.0003074936942475204;7.225934261243331e-05;6.182474828928807e-05;4.333436646843642e-05;4.028404151927043e-06;0.09727963201249451;0.004429892705649569;0.0001175641985947767;4.236431083430059e-05;-4.704418855003935e-05;0.0001257613242466213;0.01218964076452838;0.07326433854967616;0.1576619338336141;0.01200533251892072;-0.0004893709003553253;5.237724738076776e-06;4.700775026683548e-05;0.0001201210247723772;9.254131596836206e-05;-0.006632565948396443;0.02328866349538918;0.006665094487880732;-0.004592821425505623;-0.0007575900312093075;8.358645914100451e-05;4.445739357294369e-05;4.443278416619907e-05;0.0002739002008974616;0.0004477917938863792;-0.0002066948511598662;-0.000119857320120037;-0.0001231163706713804;1.818516848403011e-06;3.463720007750627e-05;1.78182043318098e-06;-2.646958295723027e-05;-0.0003324436690266708;-0.0001205529279985763;-0.0001081986837563495;7.451918852515116e-05;1.928308406474007e-05;9.714321572842322e-05;6.109954144578944e-05;1.273299149816931e-05;-1.0617737107571539;6.999549401669783;0.153687288730283;0.815518238078511;-0.029858511154884068;0.0
0.09387755102040818;0.004682577321289676;3.555884810980106e-05;1.12648130985136e-05;-3.501747819428402e-05;-9.689832768639681e-05;-0.01016081615569227;-0.09241863006025411;0.1604793139096875;0.01446765533294755;-3.008215707830736e-05;-0.0001014020201396604;2.52596455489741e-05;-0.0001462355737151261;-0.0001397938585510762;0.01075651732367357;0.02749716231495962;0.009441870660411661;-0.004736727346239409;-0.0009709460240687055;2.353880687961419e-05;4.209531479707984e-05;5.974281273151615e-05;2.312909257350685e-05;-0.0005581119229260439;-0.0005430749565041033;-0.0002905990215898374;-0.0001219750243016848;-8.029950563832251e-05;7.060642743995284e-06;5.138463858958226e-06;-0.0001960881617267853;-0.0001484384884857938;2.442337812588634e-05;0.0003310743305573197;0.0003074936942475204;7.225934261243331e-05;6.182474828928807e-05;4.333436646843642e-05;4.028404151927043e-06;0.09727963201249451;0.004429892705649569;0.0001175641985947767;4.236431083430059e-05;-4.704418855003935e-05;0.0001257613242466213;0.01218964076452838;0.07326433854967616;0.1576619338336141;0.01200533251892072;-0.0004893709003553253;5.237724738076776e-06;4.700775026683548e-05;0.0001201210247723772;9.254131596836206e-05;-0.006632565948396443;0.02328866349538918;0.006665094487880732;-0.004592821425505623;-0.0007575900312093075;8.358645914100451e-05;4.445739357294369e-05;4.443278416619907e-05;0.0002739002008974616;0.0004477917938863792;-0.0002066948511598662;-0.000119857320120037;-0.0001231163706713804;1.818516848403011e-06;3.463720007750627e-05;1.78182043318098e-06;-2.646958295723027e-05;-0.0003324436690266708;-0.0001205529279985763;-0.0001081986837563495;7.451918852515116e-05;1.928308406474007e-05;9.714321572842322e-05;6.109954144578944e-05;1.273299149816931e-05;-1.074722640747486;7.000023340473261;0.15292595852374644;0.5371850955826143;-0.02878297778988775;0.0
0.10204081632653061;0.004682577321289676;3.555884810980106e-05;1.12648130985136e-05;-3.501747819428402e-05;-9.689832768639681e-05;-0.01016081615569227;-0.09241863006025411;0.1604793139096875;0.01446765533294755;-3.008215707830736e-05;-0.0001014020201396604;2.52596455489741e-05;-0.0001462355737151261;-0.0001397938585510762;0.01075651732367357;0.02749716231495962;0.009441870660411661;-0.004736727346239409;-0.0009709460240687055;2.353880687961419e-05;4.209531479707984e-05;5.974281273151615e-05;2.312909257350685e-05;-0.0005581119229260439;-0.0005430749565041033;-0.0002905990215898374;-0.0001219750243016848;-8.029950563832251e-05;7.060642743995284e-06;5.138463858958226e-06;-0.0001960881617267853;-0.0001484384884857938;2.442337812588634e-05;0.0003310743305573197;0.0003074936942475204;7.225934261243331e-05;6.182474828928807e-05;4.333436646843642e-05;4.028404151927043e-06;0.09727963201249451;0.004429892705649569;0.0001175641985947767;4.236431083430059e-05;-4.704418855003935e-05;0.0001257613242466213;0.01218964076452838;0.07326433854967616;0.1576619338336141;0.01200533251892072;-0.0004893709003553253;5.237724738076776e-06;4.700775026683548e-05;0.0001201210247723772;9.254131596836206e-05;-0.006632565948396443;0.02328866349538918;0.006665094487880732;-0.004592821425505623;-0.0007575900312093075;8.358645914100451e-05;4.445739357294369e-05;4.443278416619907e-05;0.0002739002008974616;0.0004477917938863792;-0.0002066948511598662;-0.000119857320120037;-0.0001231163706713804;1.818516848403011e-06;3.463720007750627e-05;1.78182043318098e-06;-2.646958295723027e-05;-0.0003324436690266708;-0.0001205529279985763;-0.0001081986837563495;7.451918852515116e-05;1.928308406474007e-05;9.714321572842322e-05;6.109954144578944e-05;1.273299149816931e-05;-1.0873050298924345;7.000497279276697;0.1585698237620605;0.31597402730055224;-0.027969448359099782;0.0
0.1102040816326531;0.004682577321289676;3.555884810980106e-05;1.12648130985136e-05;-3.501747819428402e-05;-9.689832768639681e-05;-0.01016081615569227;-0.09241863006025411;0.1604793139096875;0.01446765533294755;-3.008215707830736e-05;-0.0001014020201396604;2.52596455489741e-05;-0.0001462355737151261;-0.0001397938585510762;0.01075651732367357;0.02749716231495962;0.009441870660411661;-0.004736727346239409;-0.0009709460240687055;2.353880687961419e-05;4.209531479707984e-05;5.974281273151615e-05;2.312909257350685e-05;-0.0005581119229260439;-0.0005430749565041033;-0.0002905990215898374;-0.0001219750243016848;-8.029950563832251e-05;7.060642743995284e-06;5.138463858958226e-06;-0.0001960881617267853;-0.0001484384884857938;2.442337812588634e-05;0.0003310743305573197;0.0003074936942475204;7.225934261243331e-05;6.182474828928807e-05;4.333436646843642e-05;4.028404151927043e-06;0.09727963201249451;0.004429892705649569;0.0001175641985947767;4.236431083430059e-05;-4.704418855003935e-05;0.0001257613242466213;0.01218964076452838;0.07326433854967616;0.1576619338336141;0.01200533251892072;-0.0004893709003553253;5.237724738076776e-06;4.700775026683548e-05;0.0001201210247723772;9.254131596836206e-05;-0.006632565948396443;0.02328866349538918;0.006665094487880732;-0.004592821425505623;-0.0007575900312093075;8.358645914100451e-05;4.445739357294369e-05;4.443278416619907e-05;0.0002739002008974616;0.0004477917938863792;-0.0002066948511598662;-0.000119857320120037;-0.0001231163706713804;1.818516848403011e-06;3.463720007750627e-05;1.78182043318098e-06;-2.646958295723027e-05;-0.0003324436690266708;-0.0001205529279985763;-0.0001081986837563495;7.451918852515116e-05;1.928308406474007e-05;9.714321572842322e-05;6.109954144578944e-05;1.273299149816931e-05;-1.0995247657446652;7.000971218080084;0.15633405972952438;0.1533357790415758;-0.027413693591503717;0.0
0.11836734693877554;0.004682577321289676;3.555884810980106e-05;1.12648130985136e-05;-3.501747819428402e-05;-9.689832768639681e-05;-0.01016081615569227;-0.09241863006025411;0.1604793139096875;0.01446765533294755;-3.008215707830736e-05;-0.0001014020201396604;2.52596455489741e-05;-0.0001462355737151261;-0.0001397938585510762;0.01075651732367357;0.02749716231495962;0.009441870660411661;-0.004736727346239409;-0.0009709460240687055;2.353880687961419e-05;4.209531479707984e-05;5.974281273151615e-05;2.312909257350685e-05;-0.0005581119229260439;-0.0005430749565041033;-0.0002905990215898374;-0.0001219750243016848;-8.029950563832251e-05;7.060642743995284e-06;5.138463858958226e-06;-0.0001960881617267853;-0.0001484384884857938;2.442337812588634e-05;0.0003310743305573197;0.0003074936942475204;7.225934261243331e-05;6.182474828928807e-05;4.333436646843642e-05;4.028404151927043e-06;0.09727963201249451;0.004429892705649569;0.0001175641985947767;4.236431083430059e-05;-4.704418855003935e-05;0.0001257613242466213;0.01218964076452838;0.07326433854967616;0.1576619338336141;0.01200533251892072;-0.0004893709003553253;5.237724738076776e-06;4.700775026683548e-05;0.0001201210247723772;9.254131596836206e-05;-0.006632565948396443;0.02328866349538918;0.006665094487880732;-0.004592821425505623;-0.0007575900312093075;8.358645914100451e-05;4.445739357294369e-05;4.443278416619907e-05;0.0002739002008974616;0.0004477917938863792;-0.0002066948511598662;-0.000119857320120037;-0.0001231163706713804;1.818516848403011e-06;3.463720007750627e-05;1.78182043318098e-06;-2.646958295723027e-05;-0.0003324436690266708;-0.0001205529279985763;-0.0001081986837563495;7.451918852515116e-05;1.928308406474007e-05;9.714321572842322e-05;6.109954144578944e-05;1.273299149816931e-05;-1.11138631779962;7.001445156883512;0.1647539643482445;0.05105459730694292;-0.027110432708732583;0.0
0.12653061224489798;0.004682577321289676;3.555884810980106e-05;1.12648130985136e-05;-3.501747819428402e-05;-9.689832768639681e-05;-0.01016081615569227;-0.09241863006025411;0.1604793139096875;0.01446765533294755;-3.008215707830736e-05;-0.0001014020201396604;2.52596455489741e-05;-0.0001462355737151261;-0.0001397938585510762;0.01075651732367357;0.02749716231495962;0.009441870660411661;-0.004736727346239409;-0.0009709460240687055;2.353880687961419e-05;4.209531479707984e-05;5.974281273151615e-05;2.312909257350685e-05;-0.0005581119229260439;-0.0005430749565041033;-0.0002905990215898374;-0.0001219750243016848;-8.029950563832251e-05;7.060642743995284e-06;5.138463858958226e-06;-0.0001960881617267853;-0.0001484384884857938;2.442337812588634e-05;0.0003310743305573197;0.0003074936942475204;7.225934261243331e-05;6.182474828928807e-05;4.333436646843642e-05;4.028404151927043e-06;0.09727963201249451;0.004429892705649569;0.0001175641985947767;4.236431083430059e-05;-4.704418855003935e-05;0.0001257613242466213;0.01218964076452838;0.07326433854967616;0.1576619338336141;0.01200533251892072;-0.0004893709003553253;5.237724738076776e-06;4.700775026683548e-05;0.0001201210247723772;9.254131596836206e-05;-0.006632565948396443;0.02328866349538918;0.006665094487880732;-0.004592821425505623;-0.0007575900312093075;8.358645914100451e-05;4.445739357294369e-05;4.443278416619907e-05;0.0002739002008974616;0.0004477917938863792;-0.0002066948511598662;-0.000119857320120037;-0.0001231163706713804;1.818516848403011e-06;3.463720007750627e-05;1.78182043318098e-06;-2.646958295723027e-05;-0.0003324436690266708;-0.0001205529279985763;-0.0001081986837563495;7.451918852515116e-05;1.928308406474007e-05;9.714321572842322e-05;6.109954144578944e-05;1.273299149816931e-05;-1.1228954722643145;7.001919095687004;0.1747111855691227;0.011299744319472421;-0.027053569493876464;0.0
0.1346938775510204;0.004682577321289676;3.555884810980106e-05;1.12648130985136e-05;-3.501747819428402e-05;-9.689832768639681e-05;-0.01016081615569227;-0.09241863006025411;0.1604793139096875;0.01446765533294755;-3.008215707830736e-05;-0.0001014020201396604;2.52596455489741e-05;-0.0001462355737151261;-0.0001397938585510762;0.01075651732367357;0.02749716231495962;0.009441870660411661;-0.004736727346239409;-0.0009709460240687055;2.353880687961419e-05;4.209531479707984e-05;5.974281273151615e-05;2.312909257350685e-05;-0.0005581119229260439;-0.0005430749565041033;-0.0002905990215898374;-0.0001219750243016848;-8.029950563832251e-05;7.060642743995284e-06;5.138463858958226e-06;-0.0001960881617267853;-0.0001484384884857938;2.442337812588634e-05;0.0003310743305573197;0.0003074936942475204;7.225934261243331e-05;6.182474828928807e-05;4.333436646843642e-05;4.028404151927043e-06;0.09727963201249451;0.004429892705649569;0.0001175641985947767;4.236431083430059e-05;-4.704418855003935e-05;0.0001257613242466213;0.01218964076452838;0.07326433854967616;0.1576619338336141;0.01200533251892072;-0.0004893709003553253;5.237724738076776e-06;4.700775026683548e-05;0.0001201210247723772;9.254131596836206e-05;-0.006632565948396443;0.02328866349538918;0.006665094487880732;-0.004592821425505623;-0.0007575900312093075;8.358645914100451e-05;4.445739357294369e-05;4.443278416619907e-05;0.0002739002008974616;0.0004477917938863792;-0.0002066948511598662;-0.000119857320120037;-0.0001231163706713804;1.818516848403011e-06;3.463720007750627e-05;1.78182043318098e-06;-2.646958295723027e-05;-0.0003324436690266708;-0.0001205529279985763;-0.0001081986837563495;7.451918852515116e-05;1.928308406474007e-05;9.714321572842322e-05;6.109954144578944e-05;1.273299149816931e-05;-1.1340566693071485;7.002393034490422;0.17540604147846464;0.03668362727746122;-0.027236376942619024;0.0
0.14285714285714285;0.004682577321289676;3.555884810980106e-05;1.12648130985136e-05;-3.501747819428402e-05;-9.689832768639681e-05;-0.01016081615569227;-0.09241863006025411;0.1604793139096875;0.01446765533294755;-3.008215707830736e-05;-0.0001014020201396604;2.52596455489741e-05;-0.0001462355737151261;-0.0001397938585510762;0.01075651732367357;0.02749716231495962;0.009441870660411661;-0.004736727346239409;-0.0009709460240687055;2.353880687961419e-05;4.209531479707984e-05;5.974281273151615e-05;2.312909257350685e-05;-0.0005581119229260439;-0.0005430749565041033;-0.0002905990215898374;-0.0001219750243016848;-8.029950563832251e-05;7.060642743995284e-06;5.138463858958226e-06;-0.0001960881617267853;-0.0001484384884857938;2.442337812588634e-05;0.0003310743305573197;0.0003074936942475204;7.225934261243331e-05;6.182474828928807e-05;4.333436646843642e-05;4.028404151927043e-06;0.09727963201249451;0.004429892705649569;0.0001175641985947767;4.236431083430059e-05;-4.704418855003935e-05;0.0001257613242466213;0.01218964076452838;0.07326433854967616;0.1576619338336141;0.01200533251892072;-0.0004893709003553253;5.237724738076776e-06;4.700775026683548e-05;0.0001201210247723772;9.254131596836206e-05;-0.006632565948396443;0.02328866349538918;0.006665094487880732;-0.004592821425505623;-0.0007575900312093075;8.358645914100451e-05;4.445739357294369e-05;4.443278416619907e-05;0.0002739002008974616;0.0004477917938863792;-0.0002066948511598662;-0.000119857320120037;-0.0001231163706713804;1.818516848403011e-06;3.463720007750627e-05;1.78182043318098e-06;-2.646958295723027e-05;-0.0003324436690266708;-0.0001205529279985763;-0.0001081986837563495;7.451918852515116e-05;1.928308406474007e-05;9.714321572842322e-05;6.109954144578944e-05;1.273299149816931e-05;-1.1448760043854582;7.002866973293835;0.1813810037670118;0.1303183125489575;-0.02765177318112168;0.0
0.15102040816326534;0.004682577321289676;3.555884810980106e-05;1.12648130985136e-05;-3.501747819428402e-05;-9.689832768639681e-05;-0.01016081615569227;-0.09241863006025411;0.1604793139096875;0.01446765533294755;-3.008215707830736e-05;-0.0001014020201396604;2.52596455489741e-05;-0.0001462355737151261;-0.0001397938585510762;0.01075651732367357;0.02749716231495962;0.009441870660411661;-0.004736727346239409;-0.0009709460240687055;2.353880687961419e-05;4.209531479707984e-05;5.974281273151615e-05;2.312909257350685e-05;-0.0005581119229260439;-0.0005430749565041033;-0.0002905990215898374;-0.0001219750243016848;-8.029950563832251e-05;7.060642743995284e-06;5.138463858958226e-06;-0.0001960881617267853;-0.0001484384884857938;2.442337812588634e-05;0.0003310743305573197;0.0003074936942475204;7.225934261243331e-05;6.182474828928807e-05;4.333436646843642e-05;4.028404151927043e-06;0.09727963201249451;0.004429892705649569;0.0001175641985947767;4.236431083430059e-05;-4.704418855003935e-05;0.0001257613242466213;0.01218964076452838;0.07326433854967616;0.1576619338336141;0.01200533251892072;-0.0004893709003553253;5.237724738076776e-06;4.700775026683548e-05;0.0001201210247723772;9.254131596836206e-05;-0.006632565948396443;0.02328866349538918;0.006665094487880732;-0.004592821425505623;-0.0007575900312093075;8.358645914100451e-05;4.445739357294369e-05;4.443278416619907e-05;0.0002739002008974616;0.0004477917938863792;-0.0002066948511598662;-0.000119857320120037;-0.0001231163706713804;1.818516848403011e-06;3.463720007750627e-05;1.78182043318098e-06;-2.646958295723027e-05;-0.0003324436690266708;-0.0001205529279985763;-0.0001081986837563495;7.451918852515116e-05;1.928308406474007e-05;9.714321572842322e-05;6.109954144578944e-05;1.273299149816931e-05;-1.155359321494544;7.003340912097326;0.17512509563246514;0.29588108037115207;-0.02829191574317032;0.0
0.15918367346938778;0.004682577321289676;3.555884810980106e-05;1.12648130985136e-05;-3.501747819428402e-05;-9.689832768639681e-05;-0.01016081615569227;-0.09241863006025411;0.1604793139096875;0.01446765533294755;-3.008215707830736e-05;-0.0001014020201396604;2.52596455489741e-05;-0.0001462355737151261;-0.0001397938585510762;0.01075651732367357;0.02749716231495962;0.009441870660411661;-0.004736727346239409;-0.0009709460240687055;2.353880687961419e-05;4.209531479707984e-05;5.974281273151615e-05;2.312909257350685e-05;-0.0005581119229260439;-0.0005430749565041033;-0.0002905990215898374;-0.0001219750243016848;-8.029950563832251e-05;7.060642743995284e-06;5.138463858958226e-06;-0.0001960881617267853;-0.0001484384884857938;2.442337812588634e-05;0.0003310743305573197;0.0003074936942475204;7.225934261243331e-05;6.182474828928807e-05;4.333436646843642e-05;4.028404151927043e-06;0.09727963201249451;0.004429892705649569;0.0001175641985947767;4.236431083430059e-05;-4.704418855003935e-05;0.0001257613242466213;0.01218964076452838;0.07326433854967616;0.1576619338336141;0.01200533251892072;-0.0004893709003553253;5.237724738076776e-06;4.700775026683548e-05;0.0001201210247723772;9.254131596836206e-05;-0.006632565948396443;0.02328866349538918;0.006665094487880732;-0.004592821425505623;-0.0007575900312093075;8.358645914100451e-05;4.445739357294369e-05;4.443278416619907e-05;0.0002739002008974616;0.0004477917938863792;-0.0002066948511598662;-0.000119857320120037;-0.0001231163706713804;1.818516848403011e-06;3.463720007750627e-05;1.78182043318098e-06;-2.646958295723027e-05;-0.0003324436690266708;-0.0001205529279985763;-0.0001081986837563495;7.451918852515116e-05;1.928308406474007e-05;9.714321572842322e-05;6.109954144578944e-05;1.273299149816931e-05;-1.165513575772888;7.003814850900778;0.19194937325979636;0.5376858839152803;-0.02914916001621255;0.0
0.1673469387755102;0.004682577321289676;3.555884810980106e-05;1.12648130985136e-05;-3.501747819428402e-05;-9.689832768639681e-05;-0.01016081615569227;-0.09241863006025411;0.1604793139096875;0.01446765533294755;-3.008215707830736e-05;-0.0001014020201396604;2.52596455489741e-05;-0.0001462355737151261;-0.0001397938585510762;0.01075651732367357;0.02749716231495962;0.009441870660411661;-0.004736727346239409;-0.0009709460240687055;2.353880687961419e-05;4.209531479707984e-05;5.974281273151615e-05;2.312909257350685e-05;-0.0005581119229260439;-0.0005430749565041033;-0.0002905990215898374;-0.0001219750243016848;-8.029950563832251e-05;7.060642743995284e-06;5.138463858958226e-06;-0.0001960881617267853;-0.0001484384884857938;2.442337812588634e-05;0.0003310743305573197;0.0003074936942475204;7.225934261243331e-05;6.182474828928807e-05;4.333436646843642e-05;4.028404151927043e-06;0.09727963201249451;0.004429892705649569;0.0001175641985947767;4.236431083430059e-05;-4.704418855003935e-05;0.0001257613242466213;0.01218964076452838;0.07326433854967616;0.1576619338336141;0.01200533251892072;-0.0004893709003553253;5.237724738076776e-06;4.700775026683548e-05;0.0001201210247723772;9.254131596836206e-05;-0.006632565948396443;0.02328866349538918;0.006665094487880732;-0.004592821425505623;-0.0007575900312093075;8.358645914100451e-05;4.445739357294369e-05;4.443278416619907e-05;0.0002739002008974616;0.0004477917938863792;-0.0002066948511598662;-0.000119857320120037;-0.0001231163706713804;1.818516848403011e-06;3.463720007750627e-05;1.78182043318098e-06;-2.646958295723027e-05;-0.0003324436690266708;-0.0001205529279985763;-0.0001081986837563495;7.451918852515116e-05;1.928308406474007e-05;9.714321572842322e-05;6.109954144578944e-05;1.273299149816931e-05;-1.1753453624703458;7.004288789704152;0.18980559678349543;0.8607435152454994;-0.03021541785021313;0.0
0.1755102040816327;0.004682577321289676;3.555884810980106e-05;1.12648130985136e-05;-3.501747819428402e-05;-9.689832768639681e-05;-0.01016081615569227;-0.09241863006025411;0.1604793139096875;0.01446765533294755;-3.008215707830736e-05;-0.0001014020201396604;2.52596455489741e-05;-0.0001462355737151261;-0.0001397938585510762;0.01075651732367357;0.02749716231495962;0.009441870660411661;-0.004736727346239409;-0.0009709460240687055;2.353880687961419e-05;4.209531479707984e-05;5.974281273151615e-05;2.312909257350685e-05;-0.0005581119229260439;-0.0005430749565041033;-0.0002905990215898374;-0.0001219750243016848;-8.029950563832251e-05;7.060642743995284e-06;5.138463858958226e-06;-0.0001960881617267853;-0.0001484384884857938;2.442337812588634e-05;0.0003310743305573197;0.0003074936942475204;7.225934261243331e-05;6.182474828928807e-05;4.333436646843642e-05;4.028404151927043e-06;0.09727963201249451;0.004429892705649569;0.0001175641985947767;4.236431083430059e-05;-4.704418855003935e-05;0.0001257613242466213;0.01218964076452838;0.07326433854967616;0.1576619338336141;0.01200533251892072;-0.0004893709003553253;5.237724738076776e-06;4.700775026683548e-05;0.0001201210247723772;9.254131596836206e-05;-0.006632565948396443;0.02328866349538918;0.006665094487880732;-0.004592821425505623;-0.0007575900312093075;8.358645914100451e-05;4.445739357294369e-05;4.443278416619907e-05;0.0002739002008974616;0.0004477917938863792;-0.0002066948511598662;-0.000119857320120037;-0.0001231163706713804;1.818516848403011e-06;3.463720007750627e-05;1.78182043318098e-06;-2.646958295723027e-05;-0.0003324436690266708;-0.0001205529279985763;-0.0001081986837563495;7.451918852515116e-05;1.928308406474007e-05;9.714321572842322e-05;6.109954144578944e-05;1.273299149816931e-05;-1.1848617905376437;7.004762728507628;0.1812604081556292;1.2708553195339976;-0.03148191802723543;0.0
0.18367346938775514;0.004682577321289676;3.555884810980106e-05;1.12648130985136e-05;-3.501747819428402e-05;-9.689832768639681e-05;-0.01016081615569227;-0.09241863006025411;0.1604793139096875;0.01446765533294755;-3.008215707830736e-05;-0.0001014020201396604;2.52596455489741e-05;-0.0001462355737151261;-0.0001397938585510762;0.01075651732367357;0.02749716231495962;0.009441870660411661;-0.004736727346239409;-0.0009709460240687055;2.353880687961419e-05;4.209531479707984e-05;5.974281273151615e-05;2.312909257350685e-05;-0.0005581119229260439;-0.0005430749565041033;-0.0002905990215898374;-0.0001219750243016848;-8.029950563832251e-05;7.060642743995284e-06;5.138463858958226e-06;-0.0001960881617267853;-0.0001484384884857938;2.442337812588634e-05;0.0003310743305573197;0.0003074936942475204;7.225934261243331e-05;6.182474828928807e-05;4.333436646843642e-05;4.028404151927043e-06;0.09727963201249451;0.004429892705649569;0.0001175641985947767;4.236431083430059e-05;-4.704418855003935e-05;0.0001257613242466213;0.01218964076452838;0.07326433854967616;0.1576619338336141;0.01200533251892072;-0.0004893709003553253;5.237724738076776e-06;4.700775026683548e-05;0.0001201210247723772;9.254131596836206e-05;-0.006632565948396443;0.02328866349538918;0.006665094487880732;-0.004592821425505623;-0.0007575900312093075;8.358645914100451e-05;4.445739357294369e-05;4.443278416619907e-05;0.0002739002008974616;0.0004477917938863792;-0.0002066948511598662;-0.000119857320120037;-0.0001231163706713804;1.818516848403011e-06;3.463720007750627e-05;1.78182043318098e-06;-2.646958295723027e-05;-0.0003324436690266708;-0.0001205529279985763;-0.0001081986837563495;7.451918852515116e-05;1.928308406474007e-05;9.714321572842322e-05;6.109954144578944e-05;1.273299149816931e-05;-1.1940697299965966;7.00523666731107;0.2213714355634291;1.7746892199203104;-0.032940599159208404;0.0
0.19183673469387758;0.004682577321289676;3.555884810980106e-05;1.12648130985136e-05;-3.501747819428402e-05;-9.689832768639681e-05;-0.01016081615569227;-0.09241863006025411;0.1604793139096875;0.01446765533294755;-3.008215707830736e-05;-0.0001014020201396604;2.52596455489741e-05;-0.0001462355737151261;-0.0001397938585510762;0.01075651732367357;0.02749716231495962;0.009441870660411661;-0.004736727346239409;-0.0009709460240687055;2.353880687961419e-05;4.209531479707984e-05;5.974281273151615e-05;2.312909257350685e-05;-0.0005581119229260439;-0.0005430749565041033;-0.0002905990215898374;-0.0001219750243016848;-8.029950563832251e-05;7.060642743995284e-06;5.138463858958226e-06;-0.0001960881617267853;-0.0001484384884857938;2.442337812588634e-05;0.0003310743305573197;0.0003074936942475204;7.225934261243331e-05;6.182474828928807e-05;4.333436646843642e-05;4.028404151927043e-06;0.09727963201249451;0.004429892705649569;0.0001175641985947767;4.236431083430059e-05;-4.704418855003935e-05;0.0001257613242466213;0.01218964076452838;0.07326433854967616;0.1576619338336141;0.01200533251892072;-0.0004893709003553253;5.237724738076776e-06;4.700775026683548e-05;0.0001201210247723772;9.254131596836206e-05;-0.006632565948396443;0.02328866349538918;0.006665094487880732;-0.004592821425505623;-0.0007575900312093075;8.358645914100451e-05;4.445739357294369e-05;4.443278416619907e-05;0.0002739002008974616;0.0004477917938863792;-0.0002066948511598662;-0.000119857320120037;-0.0001231163706713804;1.818516848403011e-06;3.463720007750627e-05;1.78182043318098e-06;-2.646958295723027e-05;-0.0003324436690266708;-0.0001205529279985763;-0.0001081986837563495;7.451918852515116e-05;1.928308406474007e-05;9.714321572842322e-05;6.109954144578944e-05;1.273299149816931e-05;-1.2029768272145955;7.0057106061145085;0.20865091717588194;2.379862746772242;-0.0345824151646183;0.0
0.2;0.004682577321289676;3.555884810980106e-05;1.12648130985136e-05;-3.501747819428402e-05;-9.689832768639681e-05;-0.01016081615569227;-0.09241863006025411;0.1604793139096875;0.01446765533294755;-3.008215707830736e-05;-0.0001014020201396604;2.52596455489741e-05;-0.0001462355737151261;-0.0001397938585510762;0.01075651732367357;0.02749716231495962;0.009441870660411661;-0.004736727346239409;-0.0009709460240687055;2.353880687961419e-05;4.209531479707984e-05;5.974281273151615e-05;2.312909257350685e-05;-0.0005581119229260439;-0.0005430749565041033;-0.0002905990215898374;-0.0001219750243016848;-8.029950563832251e-05;7.060642743995284e-06;5.138463858958226e-06;-0.0001960881617267853;-0.0001484384884857938;2.442337812588634e-05;0.0003310743305573197;0.0003074936942475204;7.225934261243331e-05;6.182474828928807e-05;4.333436646843642e-05;4.028404151927043e-06;0.09727963201249451;0.004429892705649569;0.0001175641985947767;4.236431083430059e-05;-4.704418855003935e-05;0.0001257613242466213;0.01218964076452838;0.07326433854967616;0.1576619338336141;0.01200533251892072;-0.0004893709003553253;5.237724738076776e-06;4.700775026683548e-05;0.0001201210247723772;9.254131596836206e-05;-0.006632565948396443;0.02328866349538918;0.006665094487880732;-0.004592821425505623;-0.0007575900312093075;8.358645914100451e-05;4.445739357294369e-05;4.443278416619907e-05;0.0002739002008974616;0.0004477917938863792;-0.0002066948511598662;-0.000119857320120037;-0.0001231163706713804;1.818516848403011e-06;3.463720007750627e-05;1.78182043318098e-06;-2.646958295723027e-05;-0.0003324436690266708;-0.0001205529279985763;-0.0001081986837563495;7.451918852515116e-05;1.928308406474007e-05;9.714321572842322e-05;6.109954144578944e-05;1.273299149816931e-05;-1.211590452529914;7.006184544917944;0.22422134461437596;3.095060473871843;-0.03639894854539951;0.0
