x(0),x(1),x(2),x(3),x(4),x(5),x(6),x(7),x(8),x(9),x(10),x(11),x(12),x(13),x(14),x(15),x(16),x(17),x(18),x(19),x(20),x(21),x(22),x(23),x(24),x(25),x(26),x(27),x(28),x(29),x(30),x(31),x(32),x(33),x(34),x(35),x(36),x(37),x(38),x(39),x(40),x(41),x(42),x(43),x(44),x(45),x(46),x(47),x(48),x(49),x(50),x(51),x(52),x(53),x(54),x(55),x(56),x(57),x(58),x(59),x(60),x(61),x(62),x(63),x(64),x(65),x(66),x(67),x(68),x(69),x(70),x(71),x(72),x(73),x(74),x(75),x(76),x(77),x(78),x(79),mean_iota,aspect,growth_rate,quasisymmetry_total,mirror_ratio
0.1923480278125195,-0.18131659252393545,-0.0018407705546500926,0.0,0.0,0.00043782884860090013,-0.006247820395652499,-0.05013251781886873,0.1291282496889795,0.020094004402069175,0.08661977661552946,0.00027939268772029645,0.0,0.0,0.0016479611604656743,0.0018339782216699235,-0.006866644332117486,-0.007958598719468234,0.005138004591524643,-0.005692982948355447,0.001424955687503894,0.0,0.0,-0.0015236668852399518,-0.0004745156694382803,0.0008909507897132119,-0.0032474078818364263,-0.0021776477431832324,0.0010971126894704965,0.006379986376944286,0.0,0.0,0.0,0.0,0.0,0.0,0.0,0.0,0.0,0.0,-0.25148790801830656,0.16451073897726828,0.0008882005688769481,0.0,0.0,-0.0001277602626416425,-0.004937110804405948,-0.052312235292245525,0.1648581646206473,0.030790384837953596,-0.07137821162670163,-0.0005820390912244878,0.0,0.0,-9.851755982179887e-05,-0.0030913230253946057,-0.010508287991679365,-0.004028529481313745,-0.003975088932080501,-0.013777567700435856,-0.0035892626108144005,0.0,0.0,0.0007695289493483107,-0.000833995704276168,-0.0004814357129297594,-0.0003930011268119753,0.00046190422979749013,0.002545022103535201,0.0020238444910950556,0.0,0.0,0.0,0.0,0.0,0.0,0.0,0.0,0.0,0.0,0.4671285457336276,7.000536916766932,0.030102654693396836,0.4908806188379998,0.0
0.1923480278125195,-0.18131659252393545,-0.0018407705546500926,0.0,0.0,0.00043782884860090013,-0.006247820395652499,-0.05013251781886873,0.1291282496889795,0.020094004402069175,0.08661977661552946,0.00027939268772029645,0.0,0.0,0.0016479611604656743,0.0018339782216699235,-0.006866644332117486,-0.007958598719468234,0.005138004591524643,-0.005692982948355447,0.001424955687503894,0.0,0.0,-0.0015236668852399518,-0.0004745156694382803,0.0008909507897132119,-0.0032474078818364263,-0.0021776477431832324,0.0010971126894704965,0.006379986376944286,0.0,0.0,0.0,0.0,0.0,0.0,0.0,0.0,0.0,0.0,-0.25148790801830656,0.16451073897726828,0.0008882005688769481,0.0,0.0,-0.0001277602626416425,-0.004937110804405948,-0.052312235292245525,0.1648581646206473,0.030790384837953596,-0.07137821162670163,-0.0005820390912244878,0.0,0.0,-9.851755982179887e-05,-0.0030913230253946057,-0.010508287991679365,-0.004028529481313745,-0.003975088932080501,-0.013777567700435856,-0.0035892626108144005,0.0,0.0,0.0007695289493483107,-0.000833995704276168,-0.0004814357129297594,-0.0003930011268119753,0.00046190422979749013,0.002545022103535201,0.0020238444910950556,0.0,0.0,0.0,0.0,0.0,0.0,0.0,0.0,0.0,0.0,0.4671285457336276,7.000536916766932,0.030102654693396836,0.4908806188379998,0.0
0.1923480278125195,-0.18131659252393545,-0.0018407705546500926,0.0,0.0,0.00043782884860090013,-0.006247820395652499,-0.05013251781886873,0.1291282496889795,0.020094004402069175,0.08661977661552946,0.00027939268772029645,0.0,0.0,0.0016479611604656743,0.0018339782216699235,-0.006866644332117486,-0.007958598719468234,0.005138004591524643,-0.005692982948355447,0.001424955687503894,0.0,0.0,-0.0015236668852399518,-0.0004745156694382803,0.0008909507897132119,-0.0032474078818364263,-0.0021776477431832324,0.0010971126894704965,0.006379986376944286,0.0,0.0,0.0,0.0,0.0,0.0,0.0,0.0,0.0,0.0,-0.25148790801830656,0.16451073897726828,0.0008882005688769481,0.0,0.0,-0.0001277602626416425,-0.004937110804405948,-0.052312235292245525,0.1648581646206473,0.030790384837953596,-0.07137821162670163,-0.0005820390912244878,0.0,0.0,-9.851755982179887e-05,-0.0030913230253946057,-0.010508287991679365,-0.004028529481313745,-0.003975088932080501,-0.013777567700435856,-0.0035892626108144005,0.0,0.0,0.0007695289493483107,-0.000833995704276168,-0.0004814357129297594,-0.0003930011268119753,0.00046190422979749013,0.002545022103535201,0.0020238444910950556,0.0,0.0,0.0,0.0,0.0,0.0,0.0,0.0,0.0,0.0,0.4671285457336276,7.000536916766932,0.030102654693396836,0.4908806188379998,0.0
0.1923480278125195,-0.18131659252393545,-0.0018407705546500926,8e-05,0.0,0.00043782884860090013,-0.006247820395652499,-0.05013251781886873,0.1291282496889795,0.020094004402069175,0.08661977661552946,0.00027939268772029645,0.0,0.0,0.0016479611604656743,0.0018339782216699235,-0.006866644332117486,-0.007958598719468234,0.005138004591524643,-0.005692982948355447,0.001424955687503894,0.0,0.0,-0.0015236668852399518,-0.0004745156694382803,0.0008909507897132119,-0.0032474078818364263,-0.0021776477431832324,0.0010971126894704965,0.006379986376944286,0.0,0.0,0.0,0.0,0.0,0.0,0.0,0.0,0.0,0.0,-0.25148790801830656,0.16451073897726828,0.0008882005688769481,0.0,0.0,-0.0001277602626416425,-0.004937110804405948,-0.052312235292245525,0.1648581646206473,0.030790384837953596,-0.07137821162670163,-0.0005820390912244878,0.0,0.0,-9.851755982179887e-05,-0.0030913230253946057,-0.010508287991679365,-0.004028529481313745,-0.003975088932080501,-0.013777567700435856,-0.0035892626108144005,0.0,0.0,0.0007695289493483107,-0.000833995704276168,-0.0004814357129297594,-0.0003930011268119753,0.00046190422979749013,0.002545022103535201,0.0020238444910950556,0.0,0.0,0.0,0.0,0.0,0.0,0.0,0.0,0.0,0.0,0.46703200112194665,7.000537172263904,0.030054885191336513,0.4866678976606209,0.0
0.1923480278125195,-0.18131659252393545,-0.0018407705546500926,0.0,0.0,0.00043782884860090013,-0.006247820395652499,-0.05013251781886873,0.1291282496889795,0.020094004402069175,0.08661977661552946,0.00027939268772029645,8e-05,0.0,0.0016479611604656743,0.0018339782216699235,-0.006866644332117486,-0.007958598719468234,0.005138004591524643,-0.005692982948355447,0.001424955687503894,0.0,0.0,-0.0015236668852399518,-0.0004745156694382803,0.0008909507897132119,-0.0032474078818364263,-0.0021776477431832324,0.0010971126894704965,0.006379986376944286,0.0,0.0,0.0,0.0,0.0,0.0,0.0,0.0,0.0,0.0,-0.25148790801830656,0.16451073897726828,0.0008882005688769481,0.0,0.0,-0.0001277602626416425,-0.004937110804405948,-0.052312235292245525,0.1648581646206473,0.030790384837953596,-0.07137821162670163,-0.0005820390912244878,0.0,0.0,-9.851755982179887e-05,-0.0030913230253946057,-0.010508287991679365,-0.004028529481313745,-0.003975088932080501,-0.013777567700435856,-0.0035892626108144005,0.0,0.0,0.0007695289493483107,-0.000833995704276168,-0.0004814357129297594,-0.0003930011268119753,0.00046190422979749013,0.002545022103535201,0.0020238444910950556,0.0,0.0,0.0,0.0,0.0,0.0,0.0,0.0,0.0,0.0,0.46710225272471034,7.000741267338337,0.029930806669450197,0.49866668980280987,0.0
0.1923480278125195,-0.18063665530197068,-0.0018407705546500926,0.0,0.0,0.00043782884860090013,-0.006247820395652499,-0.05013251781886873,0.1291282496889795,0.020094004402069175,0.08661977661552946,0.00027939268772029645,0.0,0.0,0.0016479611604656743,0.0018339782216699235,-0.006866644332117486,-0.007958598719468234,0.005138004591524643,-0.005692982948355447,0.001424955687503894,0.0,0.0,-0.0015236668852399518,-0.0004745156694382803,0.0008909507897132119,-0.0032474078818364263,-0.0021776477431832324,0.0010971126894704965,0.006379986376944286,0.0,0.0,0.0,0.0,0.0,0.0,0.0,0.0,0.0,0.0,-0.25148790801830656,0.16451073897726828,0.0008882005688769481,0.0,0.0,-0.0001277602626416425,-0.004937110804405948,-0.052312235292245525,0.1648581646206473,0.030790384837953596,-0.07137821162670163,-0.0005820390912244878,0.0,0.0,-9.851755982179887e-05,-0.0030913230253946057,-0.010508287991679365,-0.004028529481313745,-0.003975088932080501,-0.013777567700435856,-0.0035892626108144005,0.0,0.0,0.0007695289493483107,-0.000833995704276168,-0.0004814357129297594,-0.0003930011268119753,0.00046190422979749013,0.002545022103535201,0.0020238444910950556,0.0,0.0,0.0,0.0,0.0,0.0,0.0,0.0,0.0,0.0,0.46636348469970046,7.000660681954164,0.030110880173019012,0.5206300774235351,0.0
0.1923480278125195,-0.18131659252393545,-0.0018407705546500926,0.0,8e-05,0.00043782884860090013,-0.006247820395652499,-0.05013251781886873,0.1291282496889795,0.020094004402069175,0.08661977661552946,0.00027939268772029645,0.0,0.0,0.0016479611604656743,0.0018339782216699235,-0.006866644332117486,-0.007958598719468234,0.005138004591524643,-0.005692982948355447,0.001424955687503894,0.0,0.0,-0.0015236668852399518,-0.0004745156694382803,0.0008909507897132119,-0.0032474078818364263,-0.0021776477431832324,0.0010971126894704965,0.006379986376944286,0.0,0.0,0.0,0.0,0.0,0.0,0.0,0.0,0.0,0.0,-0.25148790801830656,0.16451073897726828,0.0008882005688769481,0.0,0.0,-0.0001277602626416425,-0.004937110804405948,-0.052312235292245525,0.1648581646206473,0.030790384837953596,-0.07137821162670163,-0.0005820390912244878,0.0,0.0,-9.851755982179887e-05,-0.0030913230253946057,-0.010508287991679365,-0.004028529481313745,-0.003975088932080501,-0.013777567700435856,-0.0035892626108144005,0.0,0.0,0.0007695289493483107,-0.000833995704276168,-0.0004814357129297594,-0.0003930011268119753,0.00046190422979749013,0.002545022103535201,0.0020238444910950556,0.0,0.0,0.0,0.0,0.0,0.0,0.0,0.0,0.0,0.0,0.4671017081957298,7.000542977511393,0.02977460004106343,0.4972863047111312,0.0
0.1923480278125195,-0.18131659252393545,-0.0018407705546500926,0.0,0.0,0.00043782884860090013,-0.006247820395652499,-0.05013251781886873,0.1296124806253132,0.020094004402069175,0.08661977661552946,0.00027939268772029645,0.0,0.0,0.0016479611604656743,0.0018339782216699235,-0.006866644332117486,-0.007958598719468234,0.005138004591524643,-0.005692982948355447,0.001424955687503894,0.0,0.0,-0.0015236668852399518,-0.0004745156694382803,0.0008909507897132119,-0.0032474078818364263,-0.0021776477431832324,0.0010971126894704965,0.006379986376944286,0.0,0.0,0.0,0.0,0.0,0.0,0.0,0.0,0.0,0.0,-0.25148790801830656,0.16451073897726828,0.0008882005688769481,0.0,0.0,-0.0001277602626416425,-0.004937110804405948,-0.052312235292245525,0.1648581646206473,0.030790384837953596,-0.07137821162670163,-0.0005820390912244878,0.0,0.0,-9.851755982179887e-05,-0.0030913230253946057,-0.010508287991679365,-0.004028529481313745,-0.003975088932080501,-0.013777567700435856,-0.0035892626108144005,0.0,0.0,0.0007695289493483107,-0.000833995704276168,-0.0004814357129297594,-0.0003930011268119753,0.00046190422979749013,0.002545022103535201,0.0020238444910950556,0.0,0.0,0.0,0.0,0.0,0.0,0.0,0.0,0.0,0.0,0.4667049562493975,6.987597131758664,0.030368282712721968,0.4878814366512823,0.0
0.1923480278125195,-0.18131659252393545,-0.0018407705546500926,0.0,0.0,0.0005178288486009002,-0.006247820395652499,-0.05013251781886873,0.1291282496889795,0.020094004402069175,0.08661977661552946,0.00027939268772029645,0.0,0.0,0.0016479611604656743,0.0018339782216699235,-0.006866644332117486,-0.007958598719468234,0.005138004591524643,-0.005692982948355447,0.001424955687503894,0.0,0.0,-0.0015236668852399518,-0.0004745156694382803,0.0008909507897132119,-0.0032474078818364263,-0.0021776477431832324,0.0010971126894704965,0.006379986376944286,0.0,0.0,0.0,0.0,0.0,0.0,0.0,0.0,0.0,0.0,-0.25148790801830656,0.16451073897726828,0.0008882005688769481,0.0,0.0,-0.0001277602626416425,-0.004937110804405948,-0.052312235292245525,0.1648581646206473,0.030790384837953596,-0.07137821162670163,-0.0005820390912244878,0.0,0.0,-9.851755982179887e-05,-0.0030913230253946057,-0.010508287991679365,-0.004028529481313745,-0.003975088932080501,-0.013777567700435856,-0.0035892626108144005,0.0,0.0,0.0007695289493483107,-0.000833995704276168,-0.0004814357129297594,-0.0003930011268119753,0.00046190422979749013,0.002545022103535201,0.0020238444910950556,0.0,0.0,0.0,0.0,0.0,0.0,0.0,0.0,0.0,0.0,0.4671709026792659,7.000649079855823,0.030019704180979788,0.48584777926478195,0.0
0.1923480278125195,-0.18131659252393545,-0.0018407705546500926,0.0,0.0,0.00043782884860090013,-0.006247820395652499,-0.05013251781886873,0.1291282496889795,0.020094004402069175,0.08661977661552946,0.00035939268772029645,0.0,0.0,0.0016479611604656743,0.0018339782216699235,-0.006866644332117486,-0.007958598719468234,0.005138004591524643,-0.005692982948355447,0.001424955687503894,0.0,0.0,-0.0015236668852399518,-0.0004745156694382803,0.0008909507897132119,-0.0032474078818364263,-0.0021776477431832324,0.0010971126894704965,0.006379986376944286,0.0,0.0,0.0,0.0,0.0,0.0,0.0,0.0,0.0,0.0,-0.25148790801830656,0.16451073897726828,0.0008882005688769481,0.0,0.0,-0.0001277602626416425,-0.004937110804405948,-0.052312235292245525,0.1648581646206473,0.030790384837953596,-0.07137821162670163,-0.0005820390912244878,0.0,0.0,-9.851755982179887e-05,-0.0030913230253946057,-0.010508287991679365,-0.004028529481313745,-0.003975088932080501,-0.013777567700435856,-0.0035892626108144005,0.0,0.0,0.0007695289493483107,-0.000833995704276168,-0.0004814357129297594,-0.0003930011268119753,0.00046190422979749013,0.002545022103535201,0.0020238444910950556,0.0,0.0,0.0,0.0,0.0,0.0,0.0,0.0,0.0,0.0,0.4669492059762836,7.000251854657834,0.03005959885002616,0.48860462307220354,0.0
0.1923480278125195,-0.18131659252393545,-0.0018407705546500926,0.0,0.0,0.00043782884860090013,-0.006247820395652499,-0.05013251781886873,0.1291282496889795,0.020094004402069175,0.08661977661552946,0.00027939268772029645,0.0,0.0,0.0016479611604656743,0.0018339782216699235,-0.006866644332117486,-0.007878598719468234,0.005138004591524643,-0.005692982948355447,0.001424955687503894,0.0,0.0,-0.0015236668852399518,-0.0004745156694382803,0.0008909507897132119,-0.0032474078818364263,-0.0021776477431832324,0.0010971126894704965,0.006379986376944286,0.0,0.0,0.0,0.0,0.0,0.0,0.0,0.0,0.0,0.0,-0.25148790801830656,0.16451073897726828,0.0008882005688769481,0.0,0.0,-0.0001277602626416425,-0.004937110804405948,-0.052312235292245525,0.1648581646206473,0.030790384837953596,-0.07137821162670163,-0.0005820390912244878,0.0,0.0,-9.851755982179887e-05,-0.0030913230253946057,-0.010508287991679365,-0.004028529481313745,-0.003975088932080501,-0.013777567700435856,-0.0035892626108144005,0.0,0.0,0.0007695289493483107,-0.000833995704276168,-0.0004814357129297594,-0.0003930011268119753,0.00046190422979749013,0.002545022103535201,0.0020238444910950556,0.0,0.0,0.0,0.0,0.0,0.0,0.0,0.0,0.0,0.0,0.4670914125160452,7.000946123205789,0.03008482742662565,0.48732403644833205,0.0
0.1923480278125195,-0.18131659252393545,-0.0018407705546500926,0.0,0.0,0.00043782884860090013,-0.006247820395652499,-0.05013251781886873,0.1291282496889795,0.020094004402069175,0.08661977661552946,0.00027939268772029645,0.0,0.0,0.0016479611604656743,0.0019139782216699235,-0.006866644332117486,-0.007958598719468234,0.005138004591524643,-0.005692982948355447,0.001424955687503894,0.0,0.0,-0.0015236668852399518,-0.0004745156694382803,0.0008909507897132119,-0.0032474078818364263,-0.0021776477431832324,0.0010971126894704965,0.006379986376944286,0.0,0.0,0.0,0.0,0.0,0.0,0.0,0.0,0.0,0.0,-0.25148790801830656,0.16451073897726828,0.0008882005688769481,0.0,0.0,-0.0001277602626416425,-0.004937110804405948,-0.052312235292245525,0.1648581646206473,0.030790384837953596,-0.07137821162670163,-0.0005820390912244878,0.0,0.0,-9.851755982179887e-05,-0.0030913230253946057,-0.010508287991679365,-0.004028529481313745,-0.003975088932080501,-0.013777567700435856,-0.0035892626108144005,0.0,0.0,0.0007695289493483107,-0.000833995704276168,-0.0004814357129297594,-0.0003930011268119753,0.00046190422979749013,0.002545022103535201,0.0020238444910950556,0.0,0.0,0.0,0.0,0.0,0.0,0.0,0.0,0.0,0.0,0.4668088797601174,7.000590866706025,0.029894071353323712,0.5114594491044331,0.0
0.19306933291681644,-0.18131659252393545,-0.0018407705546500926,0.0,0.0,0.00043782884860090013,-0.006247820395652499,-0.05013251781886873,0.1291282496889795,0.020094004402069175,0.08661977661552946,0.00027939268772029645,0.0,0.0,0.0016479611604656743,0.0018339782216699235,-0.006866644332117486,-0.007958598719468234,0.005138004591524643,-0.005692982948355447,0.001424955687503894,0.0,0.0,-0.0015236668852399518,-0.0004745156694382803,0.0008909507897132119,-0.0032474078818364263,-0.0021776477431832324,0.0010971126894704965,0.006379986376944286,0.0,0.0,0.0,0.0,0.0,0.0,0.0,0.0,0.0,0.0,-0.25148790801830656,0.16451073897726828,0.0008882005688769481,0.0,0.0,-0.0001277602626416425,-0.004937110804405948,-0.052312235292245525,0.1648581646206473,0.030790384837953596,-0.07137821162670163,-0.0005820390912244878,0.0,0.0,-9.851755982179887e-05,-0.0030913230253946057,-0.010508287991679365,-0.004028529481313745,-0.003975088932080501,-0.013777567700435856,-0.0035892626108144005,0.0,0.0,0.0007695289493483107,-0.000833995704276168,-0.0004814357129297594,-0.0003930011268119753,0.00046190422979749013,0.002545022103535201,0.0020238444910950556,0.0,0.0,0.0,0.0,0.0,0.0,0.0,0.0,0.0,0.0,0.46711635648233296,6.999719136378994,0.03001517137209552,0.49603717615040804,0.0
0.1923480278125195,-0.18131659252393545,-0.0018407705546500926,0.0,0.0,0.00043782884860090013,-0.006247820395652499,-0.05013251781886873,0.1291282496889795,0.020174004402069175,0.08661977661552946,0.00027939268772029645,0.0,0.0,0.0016479611604656743,0.0018339782216699235,-0.006866644332117486,-0.007958598719468234,0.005138004591524643,-0.005692982948355447,0.001424955687503894,0.0,0.0,-0.0015236668852399518,-0.0004745156694382803,0.0008909507897132119,-0.0032474078818364263,-0.0021776477431832324,0.0010971126894704965,0.006379986376944286,0.0,0.0,0.0,0.0,0.0,0.0,0.0,0.0,0.0,0.0,-0.25148790801830656,0.16451073897726828,0.0008882005688769481,0.0,0.0,-0.0001277602626416425,-0.004937110804405948,-0.052312235292245525,0.1648581646206473,0.030790384837953596,-0.07137821162670163,-0.0005820390912244878,0.0,0.0,-9.851755982179887e-05,-0.0030913230253946057,-0.010508287991679365,-0.004028529481313745,-0.003975088932080501,-0.013777567700435856,-0.0035892626108144005,0.0,0.0,0.0007695289493483107,-0.000833995704276168,-0.0004814357129297594,-0.0003930011268119753,0.00046190422979749013,0.002545022103535201,0.0020238444910950556,0.0,0.0,0.0,0.0,0.0,0.0,0.0,0.0,0.0,0.0,0.4671046239848314,7.000535580118786,0.030056685265967102,0.49079386157469695,0.0
0.1923480278125195,-0.18131659252393545,-0.0018407705546500926,0.0,0.0,0.00043782884860090013,-0.006247820395652499,-0.05013251781886873,0.1291282496889795,0.020094004402069175,0.08661977661552946,0.00027939268772029645,0.0,8e-05,0.0016479611604656743,0.0018339782216699235,-0.006866644332117486,-0.007958598719468234,0.005138004591524643,-0.005692982948355447,0.001424955687503894,0.0,0.0,-0.0015236668852399518,-0.0004745156694382803,0.0008909507897132119,-0.0032474078818364263,-0.0021776477431832324,0.0010971126894704965,0.006379986376944286,0.0,0.0,0.0,0.0,0.0,0.0,0.0,0.0,0.0,0.0,-0.25148790801830656,0.16451073897726828,0.0008882005688769481,0.0,0.0,-0.0001277602626416425,-0.004937110804405948,-0.052312235292245525,0.1648581646206473,0.030790384837953596,-0.07137821162670163,-0.0005820390912244878,0.0,0.0,-9.851755982179887e-05,-0.0030913230253946057,-0.010508287991679365,-0.004028529481313745,-0.003975088932080501,-0.013777567700435856,-0.0035892626108144005,0.0,0.0,0.0007695289493483107,-0.000833995704276168,-0.0004814357129297594,-0.0003930011268119753,0.00046190422979749013,0.002545022103535201,0.0020238444910950556,0.0,0.0,0.0,0.0,0.0,0.0,0.0,0.0,0.0,0.0,0.46713668510742995,7.000551777402404,0.030075506519936804,0.4897458002454048,0.0
0.1923480278125195,-0.18131659252393545,-0.0018407705546500926,0.0,0.0,0.00043782884860090013,-0.006247820395652499,-0.05013251781886873,0.1291282496889795,0.020094004402069175,0.08661977661552946,0.00027939268772029645,0.0,0.0,0.0016479611604656743,0.0018339782216699235,-0.006786644332117486,-0.007958598719468234,0.005138004591524643,-0.005692982948355447,0.001424955687503894,0.0,0.0,-0.0015236668852399518,-0.0004745156694382803,0.0008909507897132119,-0.0032474078818364263,-0.0021776477431832324,0.0010971126894704965,0.006379986376944286,0.0,0.0,0.0,0.0,0.0,0.0,0.0,0.0,0.0,0.0,-0.25148790801830656,0.16451073897726828,0.0008882005688769481,0.0,0.0,-0.0001277602626416425,-0.004937110804405948,-0.052312235292245525,0.1648581646206473,0.030790384837953596,-0.07137821162670163,-0.0005820390912244878,0.0,0.0,-9.851755982179887e-05,-0.0030913230253946057,-0.010508287991679365,-0.004028529481313745,-0.003975088932080501,-0.013777567700435856,-0.0035892626108144005,0.0,0.0,0.0007695289493483107,-0.000833995704276168,-0.0004814357129297594,-0.0003930011268119753,0.00046190422979749013,0.002545022103535201,0.0020238444910950556,0.0,0.0,0.0,0.0,0.0,0.0,0.0,0.0,0.0,0.0,0.4671411390191633,7.000568994336418,0.030035018660592473,0.49231401672715336,0.0
0.1923480278125195,-0.18131659252393545,-0.0018407705546500926,0.0,0.0,0.00043782884860090013,-0.006247820395652499,-0.05013251781886873,0.1291282496889795,0.020094004402069175,0.0869446007778377,0.00027939268772029645,0.0,0.0,0.0016479611604656743,0.0018339782216699235,-0.006866644332117486,-0.007958598719468234,0.005138004591524643,-0.005692982948355447,0.001424955687503894,0.0,0.0,-0.0015236668852399518,-0.0004745156694382803,0.0008909507897132119,-0.0032474078818364263,-0.0021776477431832324,0.0010971126894704965,0.006379986376944286,0.0,0.0,0.0,0.0,0.0,0.0,0.0,0.0,0.0,0.0,-0.25148790801830656,0.16451073897726828,0.0008882005688769481,0.0,0.0,-0.0001277602626416425,-0.004937110804405948,-0.052312235292245525,0.1648581646206473,0.030790384837953596,-0.07137821162670163,-0.0005820390912244878,0.0,0.0,-9.851755982179887e-05,-0.0030913230253946057,-0.010508287991679365,-0.004028529481313745,-0.003975088932080501,-0.013777567700435856,-0.0035892626108144005,0.0,0.0,0.0007695289493483107,-0.000833995704276168,-0.0004814357129297594,-0.0003930011268119753,0.00046190422979749013,0.002545022103535201,0.0020238444910950556,0.0,0.0,0.0,0.0,0.0,0.0,0.0,0.0,0.0,0.0,0.46809346841930904,7.00268957453894,0.029758607622427723,0.4846689045551886,0.0
0.1923480278125195,-0.18131659252393545,-0.0018407705546500926,0.0,0.0,0.00043782884860090013,-0.006247820395652499,-0.05013251781886873,0.1291282496889795,0.020094004402069175,0.08661977661552946,0.00027939268772029645,0.0,0.0,0.0017279611604656742,0.0018339782216699235,-0.006866644332117486,-0.007958598719468234,0.005138004591524643,-0.005692982948355447,0.001424955687503894,0.0,0.0,-0.0015236668852399518,-0.0004745156694382803,0.0008909507897132119,-0.0032474078818364263,-0.0021776477431832324,0.0010971126894704965,0.006379986376944286,0.0,0.0,0.0,0.0,0.0,0.0,0.0,0.0,0.0,0.0,-0.25148790801830656,0.16451073897726828,0.0008882005688769481,0.0,0.0,-0.0001277602626416425,-0.004937110804405948,-0.052312235292245525,0.1648581646206473,0.030790384837953596,-0.07137821162670163,-0.0005820390912244878,0.0,0.0,-9.851755982179887e-05,-0.0030913230253946057,-0.010508287991679365,-0.004028529481313745,-0.003975088932080501,-0.013777567700435856,-0.0035892626108144005,0.0,0.0,0.0007695289493483107,-0.000833995704276168,-0.0004814357129297594,-0.0003930011268119753,0.00046190422979749013,0.002545022103535201,0.0020238444910950556,0.0,0.0,0.0,0.0,0.0,0.0,0.0,0.0,0.0,0.0,0.4667395427811899,7.000587396919332,0.03001899406005412,0.5106173141524959,0.0
0.1923480278125195,-0.18131659252393545,-0.0017607705546500926,0.0,0.0,0.00043782884860090013,-0.006247820395652499,-0.05013251781886873,0.1291282496889795,0.020094004402069175,0.08661977661552946,0.00027939268772029645,0.0,0.0,0.0016479611604656743,0.0018339782216699235,-0.006866644332117486,-0.007958598719468234,0.005138004591524643,-0.005692982948355447,0.001424955687503894,0.0,0.0,-0.0015236668852399518,-0.0004745156694382803,0.0008909507897132119,-0.0032474078818364263,-0.0021776477431832324,0.0010971126894704965,0.006379986376944286,0.0,0.0,0.0,0.0,0.0,0.0,0.0,0.0,0.0,0.0,-0.25148790801830656,0.16451073897726828,0.0008882005688769481,0.0,0.0,-0.0001277602626416425,-0.004937110804405948,-0.052312235292245525,0.1648581646206473,0.030790384837953596,-0.07137821162670163,-0.0005820390912244878,0.0,0.0,-9.851755982179887e-05,-0.0030913230253946057,-0.010508287991679365,-0.004028529481313745,-0.003975088932080501,-0.013777567700435856,-0.0035892626108144005,0.0,0.0,0.0007695289493483107,-0.000833995704276168,-0.0004814357129297594,-0.0003930011268119753,0.00046190422979749013,0.002545022103535201,0.0020238444910950556,0.0,0.0,0.0,0.0,0.0,0.0,0.0,0.0,0.0,0.0,0.467050514086164,7.000522172820582,0.030037775677344468,0.4872745432527634,0.0
0.1923480278125195,-0.18131659252393545,-0.0018407705546500926,0.0,0.0,0.00043782884860090013,-0.006247820395652499,-0.049944520877047975,0.1291282496889795,0.020094004402069175,0.08661977661552946,0.00027939268772029645,0.0,0.0,0.0016479611604656743,0.0018339782216699235,-0.006866644332117486,-0.007958598719468234,0.005138004591524643,-0.005692982948355447,0.001424955687503894,0.0,0.0,-0.0015236668852399518,-0.0004745156694382803,0.0008909507897132119,-0.0032474078818364263,-0.0021776477431832324,0.0010971126894704965,0.006379986376944286,0.0,0.0,0.0,0.0,0.0,0.0,0.0,0.0,0.0,0.0,-0.25148790801830656,0.16451073897726828,0.0008882005688769481,0.0,0.0,-0.0001277602626416425,-0.004937110804405948,-0.052312235292245525,0.1648581646206473,0.030790384837953596,-0.07137821162670163,-0.0005820390912244878,0.0,0.0,-9.851755982179887e-05,-0.0030913230253946057,-0.010508287991679365,-0.004028529481313745,-0.003975088932080501,-0.013777567700435856,-0.0035892626108144005,0.0,0.0,0.0007695289493483107,-0.000833995704276168,-0.0004814357129297594,-0.0003930011268119753,0.00046190422979749013,0.002545022103535201,0.0020238444910950556,0.0,0.0,0.0,0.0,0.0,0.0,0.0,0.0,0.0,0.0,0.467298968390413,7.002961531021537,0.0301594520327263,0.4905868153071411,0.0
0.1923480278125195,-0.18131659252393545,-0.0018407705546500926,0.0,0.0,0.00043782884860090013,-0.006247820395652499,-0.05013251781886873,0.1291282496889795,0.020094004402069175,0.08661977661552946,0.00027939268772029645,0.0,0.0,0.0016479611604656743,0.0018339782216699235,-0.006866644332117486,-0.007958598719468234,0.005138004591524643,-0.005612982948355447,0.001424955687503894,0.0,0.0,-0.0015236668852399518,-0.0004745156694382803,0.0008909507897132119,-0.0032474078818364263,-0.0021776477431832324,0.0010971126894704965,0.006379986376944286,0.0,0.0,0.0,0.0,0.0,0.0,0.0,0.0,0.0,0.0,-0.25148790801830656,0.16451073897726828,0.0008882005688769481,0.0,0.0,-0.0001277602626416425,-0.004937110804405948,-0.052312235292245525,0.1648581646206473,0.030790384837953596,-0.07137821162670163,-0.0005820390912244878,0.0,0.0,-9.851755982179887e-05,-0.0030913230253946057,-0.010508287991679365,-0.004028529481313745,-0.003975088932080501,-0.013777567700435856,-0.0035892626108144005,0.0,0.0,0.0007695289493483107,-0.000833995704276168,-0.0004814357129297594,-0.0003930011268119753,0.00046190422979749013,0.002545022103535201,0.0020238444910950556,0.0,0.0,0.0,0.0,0.0,0.0,0.0,0.0,0.0,0.0,0.4666556270050624,7.001004000969434,0.030004134768907082,0.5214208826400023,0.0
0.1923480278125195,-0.18131659252393545,-0.0018407705546500926,0.0,0.0,0.00043782884860090013,-0.006247820395652499,-0.05013251781886873,0.1291282496889795,0.020094004402069175,0.08661977661552946,0.00027939268772029645,0.0,0.0,0.0016479611604656743,0.0018339782216699235,-0.006866644332117486,-0.007958598719468234,0.005138004591524643,-0.005692982948355447,0.001424955687503894,0.0,0.0,-0.0015236668852399518,-0.0004745156694382803,0.0008909507897132119,-0.0032474078818364263,-0.0021776477431832324,0.0010971126894704965,0.006459986376944287,0.0,0.0,0.0,0.0,0.0,0.0,0.0,0.0,0.0,0.0,-0.25148790801830656,0.16451073897726828,0.0008882005688769481,0.0,0.0,-0.0001277602626416425,-0.004937110804405948,-0.052312235292245525,0.1648581646206473,0.030790384837953596,-0.07137821162670163,-0.0005820390912244878,0.0,0.0,-9.851755982179887e-05,-0.0030913230253946057,-0.010508287991679365,-0.004028529481313745,-0.003975088932080501,-0.013777567700435856,-0.0035892626108144005,0.0,0.0,0.0007695289493483107,-0.000833995704276168,-0.0004814357129297594,-0.0003930011268119753,0.00046190422979749013,0.002545022103535201,0.0020238444910950556,0.0,0.0,0.0,0.0,0.0,0.0,0.0,0.0,0.0,0.0,0.467272116314218,7.000434509011886,0.02999511359415967,0.49411152093547456,0.0
0.1923480278125195,-0.18131659252393545,-0.0018407705546500926,0.0,0.0,0.00043782884860090013,-0.006247820395652499,-0.05013251781886873,0.1291282496889795,0.020094004402069175,0.08661977661552946,0.00027939268772029645,0.0,0.0,0.0016479611604656743,0.0018339782216699235,-0.006866644332117486,-0.007958598719468234,0.005138004591524643,-0.005692982948355447,0.001424955687503894,0.0,0.0,-0.0015236668852399518,-0.0004745156694382803,0.0008909507897132119,-0.0032474078818364263,-0.0021776477431832324,0.0010971126894704965,0.006379986376944286,0.0,0.0,0.0,0.0,0.0,8e-05,0.0,0.0,0.0,0.0,-0.25148790801830656,0.16451073897726828,0.0008882005688769481,0.0,0.0,-0.0001277602626416425,-0.004937110804405948,-0.052312235292245525,0.1648581646206473,0.030790384837953596,-0.07137821162670163,-0.0005820390912244878,0.0,0.0,-9.851755982179887e-05,-0.0030913230253946057,-0.010508287991679365,-0.004028529481313745,-0.003975088932080501,-0.013777567700435856,-0.0035892626108144005,0.0,0.0,0.0007695289493483107,-0.000833995704276168,-0.0004814357129297594,-0.0003930011268119753,0.00046190422979749013,0.002545022103535201,0.0020238444910950556,0.0,0.0,0.0,0.0,0.0,0.0,0.0,0.0,0.0,0.0,0.4671402065814974,7.000522958420254,0.029973989698568702,0.49644236249169366,0.0
0.1923480278125195,-0.18131659252393545,-0.0018407705546500926,0.0,0.0,0.00043782884860090013,-0.006247820395652499,-0.05013251781886873,0.1291282496889795,0.020094004402069175,0.08661977661552946,0.00027939268772029645,0.0,0.0,0.0016479611604656743,0.0018339782216699235,-0.006866644332117486,-0.007958598719468234,0.005138004591524643,-0.005692982948355447,0.001424955687503894,8e-05,0.0,-0.0015236668852399518,-0.0004745156694382803,0.0008909507897132119,-0.0032474078818364263,-0.0021776477431832324,0.0010971126894704965,0.006379986376944286,0.0,0.0,0.0,0.0,0.0,0.0,0.0,0.0,0.0,0.0,-0.25148790801830656,0.16451073897726828,0.0008882005688769481,0.0,0.0,-0.0001277602626416425,-0.004937110804405948,-0.052312235292245525,0.1648581646206473,0.030790384837953596,-0.07137821162670163,-0.0005820390912244878,0.0,0.0,-9.851755982179887e-05,-0.0030913230253946057,-0.010508287991679365,-0.004028529481313745,-0.003975088932080501,-0.013777567700435856,-0.0035892626108144005,0.0,0.0,0.0007695289493483107,-0.000833995704276168,-0.0004814357129297594,-0.0003930011268119753,0.00046190422979749013,0.002545022103535201,0.0020238444910950556,0.0,0.0,0.0,0.0,0.0,0.0,0.0,0.0,0.0,0.0,0.46654419668133734,7.000486236583709,0.030109145172793724,0.5303189628088069,0.0
0.1923480278125195,-0.18131659252393545,-0.0018407705546500926,0.0,0.0,0.00043782884860090013,-0.006247820395652499,-0.05013251781886873,0.1291282496889795,0.020094004402069175,0.08661977661552946,0.00027939268772029645,0.0,0.0,0.0016479611604656743,0.0018339782216699235,-0.006866644332117486,-0.007958598719468234,0.005138004591524643,-0.005692982948355447,0.001424955687503894,0.0,0.0,-0.0015236668852399518,-0.0004745156694382803,0.0008909507897132119,-0.0032474078818364263,-0.0021776477431832324,0.0010971126894704965,0.006379986376944286,0.0,8e-05,0.0,0.0,0.0,0.0,0.0,0.0,0.0,0.0,-0.25148790801830656,0.16451073897726828,0.0008882005688769481,0.0,0.0,-0.0001277602626416425,-0.004937110804405948,-0.052312235292245525,0.1648581646206473,0.030790384837953596,-0.07137821162670163,-0.0005820390912244878,0.0,0.0,-9.851755982179887e-05,-0.0030913230253946057,-0.010508287991679365,-0.004028529481313745,-0.003975088932080501,-0.013777567700435856,-0.0035892626108144005,0.0,0.0,0.0007695289493483107,-0.000833995704276168,-0.0004814357129297594,-0.0003930011268119753,0.00046190422979749013,0.002545022103535201,0.0020238444910950556,0.0,0.0,0.0,0.0,0.0,0.0,0.0,0.0,0.0,0.0,0.4670942912408843,7.000535926621314,0.030185844774963753,0.4895782193185936,0.0
0.1923480278125195,-0.18131659252393545,-0.0018407705546500926,0.0,0.0,0.00043782884860090013,-0.006247820395652499,-0.05013251781886873,0.1291282496889795,0.020094004402069175,0.08661977661552946,0.00027939268772029645,0.0,0.0,0.0016479611604656743,0.0018339782216699235,-0.006866644332117486,-0.007958598719468234,0.005138004591524643,-0.005692982948355447,0.001424955687503894,0.0,0.0,-0.0015236668852399518,-0.0004745156694382803,0.0008909507897132119,-0.0032474078818364263,-0.0021776477431832324,0.0010971126894704965,0.006379986376944286,8e-05,0.0,0.0,0.0,0.0,0.0,0.0,0.0,0.0,0.0,-0.25148790801830656,0.16451073897726828,0.0008882005688769481,0.0,0.0,-0.0001277602626416425,-0.004937110804405948,-0.052312235292245525,0.1648581646206473,0.030790384837953596,-0.07137821162670163,-0.0005820390912244878,0.0,0.0,-9.851755982179887e-05,-0.0030913230253946057,-0.010508287991679365,-0.004028529481313745,-0.003975088932080501,-0.013777567700435856,-0.0035892626108144005,0.0,0.0,0.0007695289493483107,-0.000833995704276168,-0.0004814357129297594,-0.0003930011268119753,0.00046190422979749013,0.002545022103535201,0.0020238444910950556,0.0,0.0,0.0,0.0,0.0,0.0,0.0,0.0,0.0,0.0,0.4669305970407273,7.000500928537651,0.029998921282845373,0.4959295425715756,0.0
0.1923480278125195,-0.18131659252393545,-0.0018407705546500926,0.0,0.0,0.00043782884860090013,-0.006247820395652499,-0.05013251781886873,0.1291282496889795,0.020094004402069175,0.08661977661552946,0.00027939268772029645,0.0,0.0,0.0016479611604656743,0.0018339782216699235,-0.006866644332117486,-0.007958598719468234,0.005138004591524643,-0.005692982948355447,0.001424955687503894,0.0,0.0,-0.0015236668852399518,-0.0004745156694382803,0.0008909507897132119,-0.003167407881836426,-0.0021776477431832324,0.0010971126894704965,0.006379986376944286,0.0,0.0,0.0,0.0,0.0,0.0,0.0,0.0,0.0,0.0,-0.25148790801830656,0.16451073897726828,0.0008882005688769481,0.0,0.0,-0.0001277602626416425,-0.004937110804405948,-0.052312235292245525,0.1648581646206473,0.030790384837953596,-0.07137821162670163,-0.0005820390912244878,0.0,0.0,-9.851755982179887e-05,-0.0030913230253946057,-0.010508287991679365,-0.004028529481313745,-0.003975088932080501,-0.013777567700435856,-0.0035892626108144005,0.0,0.0,0.0007695289493483107,-0.000833995704276168,-0.0004814357129297594,-0.0003930011268119753,0.00046190422979749013,0.002545022103535201,0.0020238444910950556,0.0,0.0,0.0,0.0,0.0,0.0,0.0,0.0,0.0,0.0,0.4671932010617568,7.000486111399368,0.03003249609369916,0.4870953215251201,0.0
0.1923480278125195,-0.18131659252393545,-0.0018407705546500926,0.0,0.0,0.00043782884860090013,-0.006247820395652499,-0.05013251781886873,0.1291282496889795,0.020094004402069175,0.08661977661552946,0.00027939268772029645,0.0,0.0,0.0016479611604656743,0.0018339782216699235,-0.006866644332117486,-0.007958598719468234,0.005138004591524643,-0.005692982948355447,0.001424955687503894,0.0,0.0,-0.0015236668852399518,-0.0004745156694382803,0.0008909507897132119,-0.0032474078818364263,-0.0021776477431832324,0.0010971126894704965,0.006379986376944286,0.0,0.0,0.0,8e-05,0.0,0.0,0.0,0.0,0.0,0.0,-0.25148790801830656,0.16451073897726828,0.0008882005688769481,0.0,0.0,-0.0001277602626416425,-0.004937110804405948,-0.052312235292245525,0.1648581646206473,0.030790384837953596,-0.07137821162670163,-0.0005820390912244878,0.0,0.0,-9.851755982179887e-05,-0.0030913230253946057,-0.010508287991679365,-0.004028529481313745,-0.003975088932080501,-0.013777567700435856,-0.0035892626108144005,0.0,0.0,0.0007695289493483107,-0.000833995704276168,-0.0004814357129297594,-0.0003930011268119753,0.00046190422979749013,0.002545022103535201,0.0020238444910950556,0.0,0.0,0.0,0.0,0.0,0.0,0.0,0.0,0.0,0.0,0.46690164979754817,7.000533995396053,0.02995537048811356,0.5002343928944438,0.0
0.1923480278125195,-0.18131659252393545,-0.0018407705546500926,0.0,0.0,0.00043782884860090013,-0.006247820395652499,-0.05013251781886873,0.1291282496889795,0.020094004402069175,0.08661977661552946,0.00027939268772029645,0.0,0.0,0.0016479611604656743,0.0018339782216699235,-0.006866644332117486,-0.007958598719468234,0.005138004591524643,-0.005692982948355447,0.001424955687503894,0.0,0.0,-0.0014436668852399518,-0.0004745156694382803,0.0008909507897132119,-0.0032474078818364263,-0.0021776477431832324,0.0010971126894704965,0.006379986376944286,0.0,0.0,0.0,0.0,0.0,0.0,0.0,0.0,0.0,0.0,-0.25148790801830656,0.16451073897726828,0.0008882005688769481,0.0,0.0,-0.0001277602626416425,-0.004937110804405948,-0.052312235292245525,0.1648581646206473,0.030790384837953596,-0.07137821162670163,-0.0005820390912244878,0.0,0.0,-9.851755982179887e-05,-0.0030913230253946057,-0.010508287991679365,-0.004028529481313745,-0.003975088932080501,-0.013777567700435856,-0.0035892626108144005,0.0,0.0,0.0007695289493483107,-0.000833995704276168,-0.0004814357129297594,-0.0003930011268119753,0.00046190422979749013,0.002545022103535201,0.0020238444910950556,0.0,0.0,0.0,0.0,0.0,0.0,0.0,0.0,0.0,0.0,0.46711537949069165,7.000511759160269,0.030167829336674994,0.48607731002153665,0.0
0.1923480278125195,-0.18131659252393545,-0.0018407705546500926,0.0,0.0,0.00043782884860090013,-0.006247820395652499,-0.05013251781886873,0.1291282496889795,0.020094004402069175,0.08661977661552946,0.00027939268772029645,0.0,0.0,0.0016479611604656743,0.0018339782216699235,-0.006866644332117486,-0.007958598719468234,0.005138004591524643,-0.005692982948355447,0.001424955687503894,0.0,8e-05,-0.0015236668852399518,-0.0004745156694382803,0.0008909507897132119,-0.0032474078818364263,-0.0021776477431832324,0.0010971126894704965,0.006379986376944286,0.0,0.0,0.0,0.0,0.0,0.0,0.0,0.0,0.0,0.0,-0.25148790801830656,0.16451073897726828,0.0008882005688769481,0.0,0.0,-0.0001277602626416425,-0.004937110804405948,-0.052312235292245525,0.1648581646206473,0.030790384837953596,-0.07137821162670163,-0.0005820390912244878,0.0,0.0,-9.851755982179887e-05,-0.0030913230253946057,-0.010508287991679365,-0.004028529481313745,-0.003975088932080501,-0.013777567700435856,-0.0035892626108144005,0.0,0.0,0.0007695289493483107,-0.000833995704276168,-0.0004814357129297594,-0.0003930011268119753,0.00046190422979749013,0.002545022103535201,0.0020238444910950556,0.0,0.0,0.0,0.0,0.0,0.0,0.0,0.0,0.0,0.0,0.46635629809296036,7.0005501135814985,0.030298948777636205,0.5201578269916917,0.0
0.1923480278125195,-0.18131659252393545,-0.0018407705546500926,0.0,0.0,0.00043782884860090013,-0.006247820395652499,-0.05013251781886873,0.1291282496889795,0.020094004402069175,0.08661977661552946,0.00027939268772029645,0.0,0.0,0.0016479611604656743,0.0018339782216699235,-0.006866644332117486,-0.007958598719468234,0.005138004591524643,-0.005692982948355447,0.001424955687503894,0.0,0.0,-0.0015236668852399518,-0.0004745156694382803,0.0008909507897132119,-0.0032474078818364263,-0.002097647743183232,0.0010971126894704965,0.006379986376944286,0.0,0.0,0.0,0.0,0.0,0.0,0.0,0.0,0.0,0.0,-0.25148790801830656,0.16451073897726828,0.0008882005688769481,0.0,0.0,-0.0001277602626416425,-0.004937110804405948,-0.052312235292245525,0.1648581646206473,0.030790384837953596,-0.07137821162670163,-0.0005820390912244878,0.0,0.0,-9.851755982179887e-05,-0.0030913230253946057,-0.010508287991679365,-0.004028529481313745,-0.003975088932080501,-0.013777567700435856,-0.0035892626108144005,0.0,0.0,0.0007695289493483107,-0.000833995704276168,-0.0004814357129297594,-0.0003930011268119753,0.00046190422979749013,0.002545022103535201,0.0020238444910950556,0.0,0.0,0.0,0.0,0.0,0.0,0.0,0.0,0.0,0.0,0.46669104138681194,7.000521211890312,0.02992285931558471,0.5094293033917795,0.0
0.1923480278125195,-0.18131659252393545,-0.0018407705546500926,0.0,0.0,0.00043782884860090013,-0.006247820395652499,-0.05013251781886873,0.1291282496889795,0.020094004402069175,0.08661977661552946,0.00027939268772029645,0.0,0.0,0.0016479611604656743,0.0018339782216699235,-0.006866644332117486,-0.007958598719468234,0.005138004591524643,-0.005692982948355447,0.001424955687503894,0.0,0.0,-0.0015236668852399518,-0.0004745156694382803,0.0008909507897132119,-0.0032474078818364263,-0.0021776477431832324,0.0010971126894704965,0.006379986376944286,0.0,0.0,0.0,0.0,8e-05,0.0,0.0,0.0,0.0,0.0,-0.25148790801830656,0.16451073897726828,0.0008882005688769481,0.0,0.0,-0.0001277602626416425,-0.004937110804405948,-0.052312235292245525,0.1648581646206473,0.030790384837953596,-0.07137821162670163,-0.0005820390912244878,0.0,0.0,-9.851755982179887e-05,-0.0030913230253946057,-0.010508287991679365,-0.004028529481313745,-0.003975088932080501,-0.013777567700435856,-0.0035892626108144005,0.0,0.0,0.0007695289493483107,-0.000833995704276168,-0.0004814357129297594,-0.0003930011268119753,0.00046190422979749013,0.002545022103535201,0.0020238444910950556,0.0,0.0,0.0,0.0,0.0,0.0,0.0,0.0,0.0,0.0,0.46685092350980995,7.00054582289524,0.029637500217315486,0.5162909427242663,0.0
0.1923480278125195,-0.18131659252393545,-0.0018407705546500926,0.0,0.0,0.00043782884860090013,-0.006247820395652499,-0.05013251781886873,0.1291282496889795,0.020094004402069175,0.08661977661552946,0.00027939268772029645,0.0,0.0,0.0016479611604656743,0.0018339782216699235,-0.006866644332117486,-0.007958598719468234,0.0052180045915246435,-0.005692982948355447,0.001424955687503894,0.0,0.0,-0.0015236668852399518,-0.0004745156694382803,0.0008909507897132119,-0.0032474078818364263,-0.0021776477431832324,0.0010971126894704965,0.006379986376944286,0.0,0.0,0.0,0.0,0.0,0.0,0.0,0.0,0.0,0.0,-0.25148790801830656,0.16451073897726828,0.0008882005688769481,0.0,0.0,-0.0001277602626416425,-0.004937110804405948,-0.052312235292245525,0.1648581646206473,0.030790384837953596,-0.07137821162670163,-0.0005820390912244878,0.0,0.0,-9.851755982179887e-05,-0.0030913230253946057,-0.010508287991679365,-0.004028529481313745,-0.003975088932080501,-0.013777567700435856,-0.0035892626108144005,0.0,0.0,0.0007695289493483107,-0.000833995704276168,-0.0004814357129297594,-0.0003930011268119753,0.00046190422979749013,0.002545022103535201,0.0020238444910950556,0.0,0.0,0.0,0.0,0.0,0.0,0.0,0.0,0.0,0.0,0.46711331629009395,7.000722215966418,0.029964332102136296,0.4978602399507913,0.0
0.1923480278125195,-0.18131659252393545,-0.0018407705546500926,0.0,0.0,0.00043782884860090013,-0.006247820395652499,-0.05013251781886873,0.1291282496889795,0.020094004402069175,0.08661977661552946,0.00027939268772029645,0.0,0.0,0.0016479611604656743,0.0018339782216699235,-0.006866644332117486,-0.007958598719468234,0.005138004591524643,-0.005692982948355447,0.001504955687503894,0.0,0.0,-0.0015236668852399518,-0.0004745156694382803,0.0008909507897132119,-0.0032474078818364263,-0.0021776477431832324,0.0010971126894704965,0.006379986376944286,0.0,0.0,0.0,0.0,0.0,0.0,0.0,0.0,0.0,0.0,-0.25148790801830656,0.16451073897726828,0.0008882005688769481,0.0,0.0,-0.0001277602626416425,-0.004937110804405948,-0.052312235292245525,0.1648581646206473,0.030790384837953596,-0.07137821162670163,-0.0005820390912244878,0.0,0.0,-9.851755982179887e-05,-0.0030913230253946057,-0.010508287991679365,-0.004028529481313745,-0.003975088932080501,-0.013777567700435856,-0.0035892626108144005,0.0,0.0,0.0007695289493483107,-0.000833995704276168,-0.0004814357129297594,-0.0003930011268119753,0.00046190422979749013,0.002545022103535201,0.0020238444910950556,0.0,0.0,0.0,0.0,0.0,0.0,0.0,0.0,0.0,0.0,0.4670615099963777,7.000615444150829,0.0299556462832705,0.49693348372970675,0.0
0.1923480278125195,-0.18131659252393545,-0.0018407705546500926,0.0,0.0,0.00043782884860090013,-0.006247820395652499,-0.05013251781886873,0.1291282496889795,0.020094004402069175,0.08661977661552946,0.00027939268772029645,0.0,0.0,0.0016479611604656743,0.0018339782216699235,-0.006866644332117486,-0.007958598719468234,0.005138004591524643,-0.005692982948355447,0.001424955687503894,0.0,0.0,-0.0015236668852399518,-0.0004745156694382803,0.0008909507897132119,-0.0032474078818364263,-0.0021776477431832324,0.0011771126894704964,0.006379986376944286,0.0,0.0,0.0,0.0,0.0,0.0,0.0,0.0,0.0,0.0,-0.25148790801830656,0.16451073897726828,0.0008882005688769481,0.0,0.0,-0.0001277602626416425,-0.004937110804405948,-0.052312235292245525,0.1648581646206473,0.030790384837953596,-0.07137821162670163,-0.0005820390912244878,0.0,0.0,-9.851755982179887e-05,-0.0030913230253946057,-0.010508287991679365,-0.004028529481313745,-0.003975088932080501,-0.013777567700435856,-0.0035892626108144005,0.0,0.0,0.0007695289493483107,-0.000833995704276168,-0.0004814357129297594,-0.0003930011268119753,0.00046190422979749013,0.002545022103535201,0.0020238444910950556,0.0,0.0,0.0,0.0,0.0,0.0,0.0,0.0,0.0,0.0,0.4672486153373799,7.000390712025057,0.030069802358122556,0.4851266166488909,0.0
0.1923480278125195,-0.18131659252393545,-0.0018407705546500926,0.0,0.0,0.00043782884860090013,-0.006247820395652499,-0.05013251781886873,0.1291282496889795,0.020094004402069175,0.08661977661552946,0.00027939268772029645,0.0,0.0,0.0016479611604656743,0.0018339782216699235,-0.006866644332117486,-0.007958598719468234,0.005138004591524643,-0.005692982948355447,0.001424955687503894,0.0,0.0,-0.0015236668852399518,-0.0004745156694382803,0.0008909507897132119,-0.0032474078818364263,-0.0021776477431832324,0.0010971126894704965,0.006379986376944286,0.0,0.0,8e-05,0.0,0.0,0.0,0.0,0.0,0.0,0.0,-0.25148790801830656,0.16451073897726828,0.0008882005688769481,0.0,0.0,-0.0001277602626416425,-0.004937110804405948,-0.052312235292245525,0.1648581646206473,0.030790384837953596,-0.07137821162670163,-0.0005820390912244878,0.0,0.0,-9.851755982179887e-05,-0.0030913230253946057,-0.010508287991679365,-0.004028529481313745,-0.003975088932080501,-0.013777567700435856,-0.0035892626108144005,0.0,0.0,0.0007695289493483107,-0.000833995704276168,-0.0004814357129297594,-0.0003930011268119753,0.00046190422979749013,0.002545022103535201,0.0020238444910950556,0.0,0.0,0.0,0.0,0.0,0.0,0.0,0.0,0.0,0.0,0.4670411186547392,7.000539943889927,0.030090939057005012,0.4916055525653269,0.0
0.1923480278125195,-0.18131659252393545,-0.0018407705546500926,0.0,0.0,0.00043782884860090013,-0.006247820395652499,-0.05013251781886873,0.1291282496889795,0.020094004402069175,0.08661977661552946,0.00027939268772029645,0.0,0.0,0.0016479611604656743,0.0018339782216699235,-0.006866644332117486,-0.007958598719468234,0.005138004591524643,-0.005692982948355447,0.001424955687503894,0.0,0.0,-0.0015236668852399518,-0.0004745156694382803,0.0009709507897132119,-0.0032474078818364263,-0.0021776477431832324,0.0010971126894704965,0.006379986376944286,0.0,0.0,0.0,0.0,0.0,0.0,0.0,0.0,0.0,0.0,-0.25148790801830656,0.16451073897726828,0.0008882005688769481,0.0,0.0,-0.0001277602626416425,-0.004937110804405948,-0.052312235292245525,0.1648581646206473,0.030790384837953596,-0.07137821162670163,-0.0005820390912244878,0.0,0.0,-9.851755982179887e-05,-0.0030913230253946057,-0.010508287991679365,-0.004028529481313745,-0.003975088932080501,-0.013777567700435856,-0.0035892626108144005,0.0,0.0,0.0007695289493483107,-0.000833995704276168,-0.0004814357129297594,-0.0003930011268119753,0.00046190422979749013,0.002545022103535201,0.0020238444910950556,0.0,0.0,0.0,0.0,0.0,0.0,0.0,0.0,0.0,0.0,0.46660423233581283,7.000484692157492,0.030294986983499663,0.5234914397403626,0.0
0.1923480278125195,-0.18131659252393545,-0.0018407705546500926,0.0,0.0,0.00043782884860090013,-0.006247820395652499,-0.05013251781886873,0.1291282496889795,0.020094004402069175,0.08661977661552946,0.00027939268772029645,0.0,0.0,0.0016479611604656743,0.0018339782216699235,-0.006866644332117486,-0.007958598719468234,0.005138004591524643,-0.005692982948355447,0.001424955687503894,0.0,0.0,-0.0015236668852399518,-0.0004745156694382803,0.0008909507897132119,-0.0032474078818364263,-0.0021776477431832324,0.0010971126894704965,0.006379986376944286,0.0,0.0,0.0,0.0,0.0,0.0,0.0,0.0,0.0,0.0,-0.25148790801830656,0.16451073897726828,0.0008882005688769481,0.0,0.0,-0.0001277602626416425,-0.004937110804405948,-0.052312235292245525,0.16547638273797474,0.030790384837953596,-0.07137821162670163,-0.0005820390912244878,0.0,0.0,-9.851755982179887e-05,-0.0030913230253946057,-0.010508287991679365,-0.004028529481313745,-0.003975088932080501,-0.013777567700435856,-0.0035892626108144005,0.0,0.0,0.0007695289493483107,-0.000833995704276168,-0.0004814357129297594,-0.0003930011268119753,0.00046190422979749013,0.002545022103535201,0.0020238444910950556,0.0,0.0,0.0,0.0,0.0,0.0,0.0,0.0,0.0,0.0,0.4659636324155995,6.984395084090987,0.03031883223142917,0.44449652072360823,0.0
0.1923480278125195,-0.18131659252393545,-0.0018407705546500926,0.0,0.0,0.00043782884860090013,-0.006247820395652499,-0.05013251781886873,0.1291282496889795,0.020094004402069175,0.08661977661552946,0.00027939268772029645,0.0,0.0,0.0016479611604656743,0.0018339782216699235,-0.006866644332117486,-0.007958598719468234,0.005138004591524643,-0.005692982948355447,0.001424955687503894,0.0,0.0,-0.0015236668852399518,-0.0004745156694382803,0.0008909507897132119,-0.0032474078818364263,-0.0021776477431832324,0.0010971126894704965,0.006379986376944286,0.0,0.0,0.0,0.0,0.0,0.0,0.0,8e-05,0.0,0.0,-0.25148790801830656,0.16451073897726828,0.0008882005688769481,0.0,0.0,-0.0001277602626416425,-0.004937110804405948,-0.052312235292245525,0.1648581646206473,0.030790384837953596,-0.07137821162670163,-0.0005820390912244878,0.0,0.0,-9.851755982179887e-05,-0.0030913230253946057,-0.010508287991679365,-0.004028529481313745,-0.003975088932080501,-0.013777567700435856,-0.0035892626108144005,0.0,0.0,0.0007695289493483107,-0.000833995704276168,-0.0004814357129297594,-0.0003930011268119753,0.00046190422979749013,0.002545022103535201,0.0020238444910950556,0.0,0.0,0.0,0.0,0.0,0.0,0.0,0.0,0.0,0.0,0.4670821420616799,7.000550372179388,0.03002697839092352,0.49452953588395643,0.0
0.1923480278125195,-0.18131659252393545,-0.0018407705546500926,0.0,0.0,0.00043782884860090013,-0.006247820395652499,-0.05013251781886873,0.1291282496889795,0.020094004402069175,0.08661977661552946,0.00027939268772029645,0.0,0.0,0.0016479611604656743,0.0018339782216699235,-0.006866644332117486,-0.007958598719468234,0.005138004591524643,-0.005692982948355447,0.001424955687503894,0.0,0.0,-0.0015236668852399518,-0.0004745156694382803,0.0008909507897132119,-0.0032474078818364263,-0.0021776477431832324,0.0010971126894704965,0.006379986376944286,0.0,0.0,0.0,0.0,0.0,0.0,0.0,0.0,0.0,8e-05,-0.25148790801830656,0.16451073897726828,0.0008882005688769481,0.0,0.0,-0.0001277602626416425,-0.004937110804405948,-0.052312235292245525,0.1648581646206473,0.030790384837953596,-0.07137821162670163,-0.0005820390912244878,0.0,0.0,-9.851755982179887e-05,-0.0030913230253946057,-0.010508287991679365,-0.004028529481313745,-0.003975088932080501,-0.013777567700435856,-0.0035892626108144005,0.0,0.0,0.0007695289493483107,-0.000833995704276168,-0.0004814357129297594,-0.0003930011268119753,0.00046190422979749013,0.002545022103535201,0.0020238444910950556,0.0,0.0,0.0,0.0,0.0,0.0,0.0,0.0,0.0,0.0,0.46699553027940827,7.000552713255437,0.029856855906211184,0.49034904480824687,0.0
0.1923480278125195,-0.18131659252393545,-0.0018407705546500926,0.0,0.0,0.00043782884860090013,-0.006247820395652499,-0.05013251781886873,0.1291282496889795,0.020094004402069175,0.08661977661552946,0.00027939268772029645,0.0,0.0,0.0016479611604656743,0.0018339782216699235,-0.006866644332117486,-0.007958598719468234,0.005138004591524643,-0.005692982948355447,0.001424955687503894,0.0,0.0,-0.0015236668852399518,-0.0004745156694382803,0.0008909507897132119,-0.0032474078818364263,-0.0021776477431832324,0.0010971126894704965,0.006379986376944286,0.0,0.0,0.0,0.0,0.0,0.0,0.0,0.0,0.0,0.0,-0.25148790801830656,0.16451073897726828,0.0008882005688769481,0.0,0.0,-0.0001277602626416425,-0.004937110804405948,-0.052312235292245525,0.1648581646206473,0.03090584878109592,-0.07137821162670163,-0.0005820390912244878,0.0,0.0,-9.851755982179887e-05,-0.0030913230253946057,-0.010508287991679365,-0.004028529481313745,-0.003975088932080501,-0.013777567700435856,-0.0035892626108144005,0.0,0.0,0.0007695289493483107,-0.000833995704276168,-0.0004814357129297594,-0.0003930011268119753,0.00046190422979749013,0.002545022103535201,0.0020238444910950556,0.0,0.0,0.0,0.0,0.0,0.0,0.0,0.0,0.0,0.0,0.4671138413885166,7.001305504354858,0.030099039530591704,0.4724232166803756,0.0
0.1923480278125195,-0.18131659252393545,-0.0018407705546500926,0.0,0.0,0.00043782884860090013,-0.006247820395652499,-0.05013251781886873,0.1291282496889795,0.020094004402069175,0.08661977661552946,0.00027939268772029645,0.0,0.0,0.0016479611604656743,0.0018339782216699235,-0.006866644332117486,-0.007958598719468234,0.005138004591524643,-0.005692982948355447,0.001424955687503894,0.0,0.0,-0.0015236668852399518,-0.0004745156694382803,0.0008909507897132119,-0.0032474078818364263,-0.0021776477431832324,0.0010971126894704965,0.006379986376944286,0.0,0.0,0.0,0.0,0.0,0.0,0.0,0.0,0.0,0.0,-0.25054482836323794,0.16451073897726828,0.0008882005688769481,0.0,0.0,-0.0001277602626416425,-0.004937110804405948,-0.052312235292245525,0.1648581646206473,0.030790384837953596,-0.07137821162670163,-0.0005820390912244878,0.0,0.0,-9.851755982179887e-05,-0.0030913230253946057,-0.010508287991679365,-0.004028529481313745,-0.003975088932080501,-0.013777567700435856,-0.0035892626108144005,0.0,0.0,0.0007695289493483107,-0.000833995704276168,-0.0004814357129297594,-0.0003930011268119753,0.00046190422979749013,0.002545022103535201,0.0020238444910950556,0.0,0.0,0.0,0.0,0.0,0.0,0.0,0.0,0.0,0.0,0.4669820174822502,7.000536916766932,0.029888048671692,0.4999382739002507,0.0
0.1923480278125195,-0.18131659252393545,-0.0018407705546500926,0.0,0.0,0.00043782884860090013,-0.006247820395652499,-0.05013251781886873,0.1291282496889795,0.020094004402069175,0.08661977661552946,0.00027939268772029645,0.0,0.0,0.0016479611604656743,0.0018339782216699235,-0.006866644332117486,-0.007958598719468234,0.005138004591524643,-0.005692982948355447,0.001424955687503894,0.0,0.0,-0.0015236668852399518,-0.0004745156694382803,0.0008909507897132119,-0.0032474078818364263,-0.0021776477431832324,0.0010971126894704965,0.006379986376944286,0.0,0.0,0.0,0.0,0.0,0.0,8e-05,0.0,0.0,0.0,-0.25148790801830656,0.16451073897726828,0.0008882005688769481,0.0,0.0,-0.0001277602626416425,-0.004937110804405948,-0.052312235292245525,0.1648581646206473,0.030790384837953596,-0.07137821162670163,-0.0005820390912244878,0.0,0.0,-9.851755982179887e-05,-0.0030913230253946057,-0.010508287991679365,-0.004028529481313745,-0.003975088932080501,-0.013777567700435856,-0.0035892626108144005,0.0,0.0,0.0007695289493483107,-0.000833995704276168,-0.0004814357129297594,-0.0003930011268119753,0.00046190422979749013,0.002545022103535201,0.0020238444910950556,0.0,0.0,0.0,0.0,0.0,0.0,0.0,0.0,0.0,0.0,0.4669302169604705,7.000526086439568,0.029920810941061006,0.49125226860048055,0.0
0.1923480278125195,-0.18131659252393545,-0.0018407705546500926,0.0,0.0,0.00043782884860090013,-0.006247820395652499,-0.05013251781886873,0.1291282496889795,0.020094004402069175,0.08661977661552946,0.00027939268772029645,0.0,0.0,0.0016479611604656743,0.0018339782216699235,-0.006866644332117486,-0.007958598719468234,0.005138004591524643,-0.005692982948355447,0.001424955687503894,0.0,0.0,-0.0015236668852399518,-0.0004745156694382803,0.0008909507897132119,-0.0032474078818364263,-0.0021776477431832324,0.0010971126894704965,0.006379986376944286,0.0,0.0,0.0,0.0,0.0,0.0,0.0,0.0,0.0,0.0,-0.25148790801830656,0.16451073897726828,0.0008882005688769481,0.0,8e-05,-0.0001277602626416425,-0.004937110804405948,-0.052312235292245525,0.1648581646206473,0.030790384837953596,-0.07137821162670163,-0.0005820390912244878,0.0,0.0,-9.851755982179887e-05,-0.0030913230253946057,-0.010508287991679365,-0.004028529481313745,-0.003975088932080501,-0.013777567700435856,-0.0035892626108144005,0.0,0.0,0.0007695289493483107,-0.000833995704276168,-0.0004814357129297594,-0.0003930011268119753,0.00046190422979749013,0.002545022103535201,0.0020238444910950556,0.0,0.0,0.0,0.0,0.0,0.0,0.0,0.0,0.0,0.0,0.4669616734154504,7.000560265463115,0.029955703711219965,0.4778491947285015,0.0
0.1923480278125195,-0.18131659252393545,-0.0018407705546500926,0.0,0.0,0.00043782884860090013,-0.006247820395652499,-0.05013251781886873,0.1291282496889795,0.020094004402069175,0.08661977661552946,0.00027939268772029645,0.0,0.0,0.0016479611604656743,0.0018339782216699235,-0.006866644332117486,-0.007958598719468234,0.005138004591524643,-0.005692982948355447,0.001424955687503894,0.0,0.0,-0.0015236668852399518,-0.0004745156694382803,0.0008909507897132119,-0.0032474078818364263,-0.0021776477431832324,0.0010971126894704965,0.006379986376944286,0.0,0.0,0.0,0.0,0.0,0.0,0.0,0.0,0.0,0.0,-0.25148790801830656,0.16451073897726828,0.0008882005688769481,0.0,0.0,-0.0001277602626416425,-0.004937110804405948,-0.052312235292245525,0.1648581646206473,0.030790384837953596,-0.07137821162670163,-0.0005820390912244878,0.0,8e-05,-9.851755982179887e-05,-0.0030913230253946057,-0.010508287991679365,-0.004028529481313745,-0.003975088932080501,-0.013777567700435856,-0.0035892626108144005,0.0,0.0,0.0007695289493483107,-0.000833995704276168,-0.0004814357129297594,-0.0003930011268119753,0.00046190422979749013,0.002545022103535201,0.0020238444910950556,0.0,0.0,0.0,0.0,0.0,0.0,0.0,0.0,0.0,0.0,0.46720722605649,7.000534518380381,0.03004460384022094,0.47076560510803633,0.0
0.1923480278125195,-0.18131659252393545,-0.0018407705546500926,0.0,0.0,0.00043782884860090013,-0.006247820395652499,-0.05013251781886873,0.1291282496889795,0.020094004402069175,0.08661977661552946,0.00027939268772029645,0.0,0.0,0.0016479611604656743,0.0018339782216699235,-0.006866644332117486,-0.007958598719468234,0.005138004591524643,-0.005692982948355447,0.001424955687503894,0.0,0.0,-0.0015236668852399518,-0.0004745156694382803,0.0008909507897132119,-0.0032474078818364263,-0.0021776477431832324,0.0010971126894704965,0.006379986376944286,0.0,0.0,0.0,0.0,0.0,0.0,0.0,0.0,0.0,0.0,-0.25148790801830656,0.16451073897726828,0.0008882005688769481,0.0,0.0,-0.0001277602626416425,-0.004937110804405948,-0.052116064409899604,0.1648581646206473,0.030790384837953596,-0.07137821162670163,-0.0005820390912244878,0.0,0.0,-9.851755982179887e-05,-0.0030913230253946057,-0.010508287991679365,-0.004028529481313745,-0.003975088932080501,-0.013777567700435856,-0.0035892626108144005,0.0,0.0,0.0007695289493483107,-0.000833995704276168,-0.0004814357129297594,-0.0003930011268119753,0.00046190422979749013,0.002545022103535201,0.0020238444910950556,0.0,0.0,0.0,0.0,0.0,0.0,0.0,0.0,0.0,0.0,0.4672193267284523,7.0029439236908475,0.030139442836938483,0.46201835742316927,0.0
0.1923480278125195,-0.18131659252393545,-0.0018407705546500926,0.0,0.0,0.00043782884860090013,-0.006247820395652499,-0.05013251781886873,0.1291282496889795,0.020094004402069175,0.08661977661552946,0.00027939268772029645,0.0,0.0,0.0016479611604656743,0.0018339782216699235,-0.006866644332117486,-0.007958598719468234,0.005138004591524643,-0.005692982948355447,0.001424955687503894,0.0,0.0,-0.0015236668852399518,-0.0004745156694382803,0.0008909507897132119,-0.0032474078818364263,-0.0021776477431832324,0.0010971126894704965,0.006379986376944286,0.0,0.0,0.0,0.0,0.0,0.0,0.0,0.0,0.0,0.0,-0.25148790801830656,0.16451073897726828,0.0008882005688769481,0.0,0.0,-0.0001277602626416425,-0.004937110804405948,-0.052312235292245525,0.1648581646206473,0.030790384837953596,-0.07137821162670163,-0.0005020390912244878,0.0,0.0,-9.851755982179887e-05,-0.0030913230253946057,-0.010508287991679365,-0.004028529481313745,-0.003975088932080501,-0.013777567700435856,-0.0035892626108144005,0.0,0.0,0.0007695289493483107,-0.000833995704276168,-0.0004814357129297594,-0.0003930011268119753,0.00046190422979749013,0.002545022103535201,0.0020238444910950556,0.0,0.0,0.0,0.0,0.0,0.0,0.0,0.0,0.0,0.0,0.4671735023402422,7.000738348615868,0.030205330934463658,0.47361049671646593,0.0
0.1923480278125195,-0.18131659252393545,-0.0018407705546500926,0.0,0.0,0.00043782884860090013,-0.006247820395652499,-0.05013251781886873,0.1291282496889795,0.020094004402069175,0.08661977661552946,0.00027939268772029645,0.0,0.0,0.0016479611604656743,0.0018339782216699235,-0.006866644332117486,-0.007958598719468234,0.005138004591524643,-0.005692982948355447,0.001424955687503894,0.0,0.0,-0.0015236668852399518,-0.0004745156694382803,0.0008909507897132119,-0.0032474078818364263,-0.0021776477431832324,0.0010971126894704965,0.006379986376944286,0.0,0.0,0.0,0.0,0.0,0.0,0.0,0.0,0.0,0.0,-0.25148790801830656,0.16512765424843304,0.0008882005688769481,0.0,0.0,-0.0001277602626416425,-0.004937110804405948,-0.052312235292245525,0.1648581646206473,0.030790384837953596,-0.07137821162670163,-0.0005820390912244878,0.0,0.0,-9.851755982179887e-05,-0.0030913230253946057,-0.010508287991679365,-0.004028529481313745,-0.003975088932080501,-0.013777567700435856,-0.0035892626108144005,0.0,0.0,0.0007695289493483107,-0.000833995704276168,-0.0004814357129297594,-0.0003930011268119753,0.00046190422979749013,0.002545022103535201,0.0020238444910950556,0.0,0.0,0.0,0.0,0.0,0.0,0.0,0.0,0.0,0.0,0.46719469385502954,7.000536916766932,0.03006277548580338,0.4876308414943167,0.0
0.1923480278125195,-0.18131659252393545,-0.0018407705546500926,0.0,0.0,0.00043782884860090013,-0.006247820395652499,-0.05013251781886873,0.1291282496889795,0.020094004402069175,0.08661977661552946,0.00027939268772029645,0.0,0.0,0.0016479611604656743,0.0018339782216699235,-0.006866644332117486,-0.007958598719468234,0.005138004591524643,-0.005692982948355447,0.001424955687503894,0.0,0.0,-0.0015236668852399518,-0.0004745156694382803,0.0008909507897132119,-0.0032474078818364263,-0.0021776477431832324,0.0010971126894704965,0.006379986376944286,0.0,0.0,0.0,0.0,0.0,0.0,0.0,0.0,8e-05,0.0,-0.25148790801830656,0.16451073897726828,0.0008882005688769481,0.0,0.0,-0.0001277602626416425,-0.004937110804405948,-0.052312235292245525,0.1648581646206473,0.030790384837953596,-0.07137821162670163,-0.0005820390912244878,0.0,0.0,-9.851755982179887e-05,-0.0030913230253946057,-0.010508287991679365,-0.004028529481313745,-0.003975088932080501,-0.013777567700435856,-0.0035892626108144005,0.0,0.0,0.0007695289493483107,-0.000833995704276168,-0.0004814357129297594,-0.0003930011268119753,0.00046190422979749013,0.002545022103535201,0.0020238444910950556,0.0,0.0,0.0,0.0,0.0,0.0,0.0,0.0,0.0,0.0,0.4669031282115134,7.0005720345124285,0.02993674969541688,0.49133823921797715,0.0
0.1923480278125195,-0.18131659252393545,-0.0018407705546500926,0.0,0.0,0.00043782884860090013,-0.006247820395652499,-0.05013251781886873,0.1291282496889795,0.020094004402069175,0.08661977661552946,0.00027939268772029645,0.0,0.0,0.0016479611604656743,0.0018339782216699235,-0.006866644332117486,-0.007958598719468234,0.005138004591524643,-0.005692982948355447,0.001424955687503894,0.0,0.0,-0.0015236668852399518,-0.0004745156694382803,0.0008909507897132119,-0.0032474078818364263,-0.0021776477431832324,0.0010971126894704965,0.006379986376944286,0.0,0.0,0.0,0.0,0.0,0.0,0.0,0.0,0.0,0.0,-0.25148790801830656,0.16451073897726828,0.0008882005688769481,0.0,0.0,-0.0001277602626416425,-0.004857110804405948,-0.052312235292245525,0.1648581646206473,0.030790384837953596,-0.07137821162670163,-0.0005820390912244878,0.0,0.0,-9.851755982179887e-05,-0.0030913230253946057,-0.010508287991679365,-0.004028529481313745,-0.003975088932080501,-0.013777567700435856,-0.0035892626108144005,0.0,0.0,0.0007695289493483107,-0.000833995704276168,-0.0004814357129297594,-0.0003930011268119753,0.00046190422979749013,0.002545022103535201,0.0020238444910950556,0.0,0.0,0.0,0.0,0.0,0.0,0.0,0.0,0.0,0.0,0.46707349371912593,7.000096829157606,0.03005690358906156,0.47384547122086457,0.0
0.1923480278125195,-0.18131659252393545,-0.0018407705546500926,0.0,0.0,0.00043782884860090013,-0.006247820395652499,-0.05013251781886873,0.1291282496889795,0.020094004402069175,0.08661977661552946,0.00027939268772029645,0.0,0.0,0.0016479611604656743,0.0018339782216699235,-0.006866644332117486,-0.007958598719468234,0.005138004591524643,-0.005692982948355447,0.001424955687503894,0.0,0.0,-0.0015236668852399518,-0.0004745156694382803,0.0008909507897132119,-0.0032474078818364263,-0.0021776477431832324,0.0010971126894704965,0.006379986376944286,0.0,0.0,0.0,0.0,0.0,0.0,0.0,0.0,0.0,0.0,-0.25148790801830656,0.16451073897726828,0.0008882005688769481,0.0,0.0,-4.776026264164249e-05,-0.004937110804405948,-0.052312235292245525,0.1648581646206473,0.030790384837953596,-0.07137821162670163,-0.0005820390912244878,0.0,0.0,-9.851755982179887e-05,-0.0030913230253946057,-0.010508287991679365,-0.004028529481313745,-0.003975088932080501,-0.013777567700435856,-0.0035892626108144005,0.0,0.0,0.0007695289493483107,-0.000833995704276168,-0.0004814357129297594,-0.0003930011268119753,0.00046190422979749013,0.002545022103535201,0.0020238444910950556,0.0,0.0,0.0,0.0,0.0,0.0,0.0,0.0,0.0,0.0,0.4670833352981339,7.000644961315979,0.03010427861297235,0.4744003282344117,0.0
0.1923480278125195,-0.18131659252393545,-0.0018407705546500926,0.0,0.0,0.00043782884860090013,-0.006247820395652499,-0.05013251781886873,0.1291282496889795,0.020094004402069175,0.08661977661552946,0.00027939268772029645,0.0,0.0,0.0016479611604656743,0.0018339782216699235,-0.006866644332117486,-0.007958598719468234,0.005138004591524643,-0.005692982948355447,0.001424955687503894,0.0,0.0,-0.0015236668852399518,-0.0004745156694382803,0.0008909507897132119,-0.0032474078818364263,-0.0021776477431832324,0.0010971126894704965,0.006379986376944286,0.0,0.0,0.0,0.0,0.0,0.0,0.0,0.0,0.0,0.0,-0.25148790801830656,0.16451073897726828,0.0008882005688769481,0.0,0.0,-0.0001277602626416425,-0.004937110804405948,-0.052312235292245525,0.1648581646206473,0.030790384837953596,-0.0711105433331015,-0.0005820390912244878,0.0,0.0,-9.851755982179887e-05,-0.0030913230253946057,-0.010508287991679365,-0.004028529481313745,-0.003975088932080501,-0.013777567700435856,-0.0035892626108144005,0.0,0.0,0.0007695289493483107,-0.000833995704276168,-0.0004814357129297594,-0.0003930011268119753,0.00046190422979749013,0.002545022103535201,0.0020238444910950556,0.0,0.0,0.0,0.0,0.0,0.0,0.0,0.0,0.0,0.0,0.46637060818779,6.995529078829243,0.030203824363611412,0.4639006150403264,0.0
0.1923480278125195,-0.18131659252393545,-0.0018407705546500926,0.0,0.0,0.00043782884860090013,-0.006247820395652499,-0.05013251781886873,0.1291282496889795,0.020094004402069175,0.08661977661552946,0.00027939268772029645,0.0,0.0,0.0016479611604656743,0.0018339782216699235,-0.006866644332117486,-0.007958598719468234,0.005138004591524643,-0.005692982948355447,0.001424955687503894,0.0,0.0,-0.0015236668852399518,-0.0004745156694382803,0.0008909507897132119,-0.0032474078818364263,-0.0021776477431832324,0.0010971126894704965,0.006379986376944286,0.0,0.0,0.0,0.0,0.0,0.0,0.0,0.0,0.0,0.0,-0.25148790801830656,0.16451073897726828,0.0008882005688769481,0.0,0.0,-0.0001277602626416425,-0.004937110804405948,-0.052312235292245525,0.1648581646206473,0.030790384837953596,-0.07137821162670163,-0.0005820390912244878,8e-05,0.0,-9.851755982179887e-05,-0.0030913230253946057,-0.010508287991679365,-0.004028529481313745,-0.003975088932080501,-0.013777567700435856,-0.0035892626108144005,0.0,0.0,0.0007695289493483107,-0.000833995704276168,-0.0004814357129297594,-0.0003930011268119753,0.00046190422979749013,0.002545022103535201,0.0020238444910950556,0.0,0.0,0.0,0.0,0.0,0.0,0.0,0.0,0.0,0.0,0.4666230547998004,7.000290743658469,0.030090046533648114,0.49245710472179827,0.0
0.1923480278125195,-0.18131659252393545,-0.0018407705546500926,0.0,0.0,0.00043782884860090013,-0.006247820395652499,-0.05013251781886873,0.1291282496889795,0.020094004402069175,0.08661977661552946,0.00027939268772029645,0.0,0.0,0.0016479611604656743,0.0018339782216699235,-0.006866644332117486,-0.007958598719468234,0.005138004591524643,-0.005692982948355447,0.001424955687503894,0.0,0.0,-0.0015236668852399518,-0.0004745156694382803,0.0008909507897132119,-0.0032474078818364263,-0.0021776477431832324,0.0010971126894704965,0.006379986376944286,0.0,0.0,0.0,0.0,0.0,0.0,0.0,0.0,0.0,0.0,-0.25148790801830656,0.16451073897726828,0.0008882005688769481,8e-05,0.0,-0.0001277602626416425,-0.004937110804405948,-0.052312235292245525,0.1648581646206473,0.030790384837953596,-0.07137821162670163,-0.0005820390912244878,0.0,0.0,-9.851755982179887e-05,-0.0030913230253946057,-0.010508287991679365,-0.004028529481313745,-0.003975088932080501,-0.013777567700435856,-0.0035892626108144005,0.0,0.0,0.0007695289493483107,-0.000833995704276168,-0.0004814357129297594,-0.0003930011268119753,0.00046190422979749013,0.002545022103535201,0.0020238444910950556,0.0,0.0,0.0,0.0,0.0,0.0,0.0,0.0,0.0,0.0,0.467162721406152,7.000536916766932,0.030034853899706063,0.49279008252346257,0.0
0.1923480278125195,-0.18131659252393545,-0.0018407705546500926,0.0,0.0,0.00043782884860090013,-0.006247820395652499,-0.05013251781886873,0.1291282496889795,0.020094004402069175,0.08661977661552946,0.00027939268772029645,0.0,0.0,0.0016479611604656743,0.0018339782216699235,-0.006866644332117486,-0.007958598719468234,0.005138004591524643,-0.005692982948355447,0.001424955687503894,0.0,0.0,-0.0015236668852399518,-0.0004745156694382803,0.0008909507897132119,-0.0032474078818364263,-0.0021776477431832324,0.0010971126894704965,0.006379986376944286,0.0,0.0,0.0,0.0,0.0,0.0,0.0,0.0,0.0,0.0,-0.25148790801830656,0.16451073897726828,0.0008882005688769481,0.0,0.0,-0.0001277602626416425,-0.004937110804405948,-0.052312235292245525,0.1648581646206473,0.030790384837953596,-0.07137821162670163,-0.0005820390912244878,0.0,0.0,-9.851755982179887e-05,-0.0030913230253946057,-0.010508287991679365,-0.004028529481313745,-0.003975088932080501,-0.013777567700435856,-0.0035892626108144005,0.0,8e-05,0.0007695289493483107,-0.000833995704276168,-0.0004814357129297594,-0.0003930011268119753,0.00046190422979749013,0.002545022103535201,0.0020238444910950556,0.0,0.0,0.0,0.0,0.0,0.0,0.0,0.0,0.0,0.0,0.4669474090291581,7.000522595972474,0.029948436504595565,0.4682465967274877,0.0
0.1923480278125195,-0.18131659252393545,-0.0018407705546500926,0.0,0.0,0.00043782884860090013,-0.006247820395652499,-0.05013251781886873,0.1291282496889795,0.020094004402069175,0.08661977661552946,0.00027939268772029645,0.0,0.0,0.0016479611604656743,0.0018339782216699235,-0.006866644332117486,-0.007958598719468234,0.005138004591524643,-0.005692982948355447,0.001424955687503894,0.0,0.0,-0.0015236668852399518,-0.0004745156694382803,0.0008909507897132119,-0.0032474078818364263,-0.0021776477431832324,0.0010971126894704965,0.006379986376944286,0.0,0.0,0.0,0.0,0.0,0.0,0.0,0.0,0.0,0.0,-0.25148790801830656,0.16451073897726828,0.0008882005688769481,0.0,0.0,-0.0001277602626416425,-0.004937110804405948,-0.052312235292245525,0.1648581646206473,0.030790384837953596,-0.07137821162670163,-0.0005820390912244878,0.0,0.0,-9.851755982179887e-05,-0.0030913230253946057,-0.010508287991679365,-0.004028529481313745,-0.003975088932080501,-0.013777567700435856,-0.0035892626108144005,0.0,0.0,0.0007695289493483107,-0.000833995704276168,-0.0004814357129297594,-0.0003130011268119753,0.00046190422979749013,0.002545022103535201,0.0020238444910950556,0.0,0.0,0.0,0.0,0.0,0.0,0.0,0.0,0.0,0.0,0.46719199622240365,7.0005950122659355,0.030155353310530902,0.46225443341453787,0.0
0.1923480278125195,-0.18131659252393545,-0.0018407705546500926,0.0,0.0,0.00043782884860090013,-0.006247820395652499,-0.05013251781886873,0.1291282496889795,0.020094004402069175,0.08661977661552946,0.00027939268772029645,0.0,0.0,0.0016479611604656743,0.0018339782216699235,-0.006866644332117486,-0.007958598719468234,0.005138004591524643,-0.005692982948355447,0.001424955687503894,0.0,0.0,-0.0015236668852399518,-0.0004745156694382803,0.0008909507897132119,-0.0032474078818364263,-0.0021776477431832324,0.0010971126894704965,0.006379986376944286,0.0,0.0,0.0,0.0,0.0,0.0,0.0,0.0,0.0,0.0,-0.25148790801830656,0.16451073897726828,0.0008882005688769481,0.0,0.0,-0.0001277602626416425,-0.004937110804405948,-0.052312235292245525,0.1648581646206473,0.030790384837953596,-0.07137821162670163,-0.0005820390912244878,0.0,0.0,-9.851755982179887e-05,-0.0030113230253946055,-0.010508287991679365,-0.004028529481313745,-0.003975088932080501,-0.013777567700435856,-0.0035892626108144005,0.0,0.0,0.0007695289493483107,-0.000833995704276168,-0.0004814357129297594,-0.0003930011268119753,0.00046190422979749013,0.002545022103535201,0.0020238444910950556,0.0,0.0,0.0,0.0,0.0,0.0,0.0,0.0,0.0,0.0,0.4671796207000602,7.000506850380756,0.030087766199123872,0.4668544931668177,0.0
0.1923480278125195,-0.18131659252393545,-0.0018407705546500926,0.0,0.0,0.00043782884860090013,-0.006247820395652499,-0.05013251781886873,0.1291282496889795,0.020094004402069175,0.08661977661552946,0.00027939268772029645,0.0,0.0,0.0016479611604656743,0.0018339782216699235,-0.006866644332117486,-0.007958598719468234,0.005138004591524643,-0.005692982948355447,0.001424955687503894,0.0,0.0,-0.0015236668852399518,-0.0004745156694382803,0.0008909507897132119,-0.0032474078818364263,-0.0021776477431832324,0.0010971126894704965,0.006379986376944286,0.0,0.0,0.0,0.0,0.0,0.0,0.0,0.0,0.0,0.0,-0.25148790801830656,0.16451073897726828,0.0008882005688769481,0.0,0.0,-0.0001277602626416425,-0.004937110804405948,-0.052312235292245525,0.1648581646206473,0.030790384837953596,-0.07137821162670163,-0.0005820390912244878,0.0,0.0,-9.851755982179887e-05,-0.0030913230253946057,-0.010508287991679365,-0.003948529481313745,-0.003975088932080501,-0.013777567700435856,-0.0035892626108144005,0.0,0.0,0.0007695289493483107,-0.000833995704276168,-0.0004814357129297594,-0.0003930011268119753,0.00046190422979749013,0.002545022103535201,0.0020238444910950556,0.0,0.0,0.0,0.0,0.0,0.0,0.0,0.0,0.0,0.0,0.4671897495761106,7.000964582848509,0.029981565131779353,0.4675003232695833,0.0
0.1923480278125195,-0.18131659252393545,-0.0018407705546500926,0.0,0.0,0.00043782884860090013,-0.006247820395652499,-0.05013251781886873,0.1291282496889795,0.020094004402069175,0.08661977661552946,0.00027939268772029645,0.0,0.0,0.0016479611604656743,0.0018339782216699235,-0.006866644332117486,-0.007958598719468234,0.005138004591524643,-0.005692982948355447,0.001424955687503894,0.0,0.0,-0.0015236668852399518,-0.0004745156694382803,0.0008909507897132119,-0.0032474078818364263,-0.0021776477431832324,0.0010971126894704965,0.006379986376944286,0.0,0.0,0.0,0.0,0.0,0.0,0.0,0.0,0.0,0.0,-0.25148790801830656,0.16451073897726828,0.0008882005688769481,0.0,0.0,-0.0001277602626416425,-0.004937110804405948,-0.052312235292245525,0.1648581646206473,0.030790384837953596,-0.07137821162670163,-0.0005820390912244878,0.0,0.0,-9.851755982179887e-05,-0.0030913230253946057,-0.010508287991679365,-0.004028529481313745,-0.003975088932080501,-0.013777567700435856,-0.0035892626108144005,0.0,0.0,0.0007695289493483107,-0.000833995704276168,-0.0004814357129297594,-0.0003930011268119753,0.0005419042297974901,0.002545022103535201,0.0020238444910950556,0.0,0.0,0.0,0.0,0.0,0.0,0.0,0.0,0.0,0.0,0.4669452571880298,7.000553656266749,0.03010749096727078,0.46325970351983214,0.0
0.1923480278125195,-0.18131659252393545,-0.0018407705546500926,0.0,0.0,0.00043782884860090013,-0.006247820395652499,-0.05013251781886873,0.1291282496889795,0.020094004402069175,0.08661977661552946,0.00027939268772029645,0.0,0.0,0.0016479611604656743,0.0018339782216699235,-0.006866644332117486,-0.007958598719468234,0.005138004591524643,-0.005692982948355447,0.001424955687503894,0.0,0.0,-0.0015236668852399518,-0.0004745156694382803,0.0008909507897132119,-0.0032474078818364263,-0.0021776477431832324,0.0010971126894704965,0.006379986376944286,0.0,0.0,0.0,0.0,0.0,0.0,0.0,0.0,0.0,0.0,-0.25148790801830656,0.16451073897726828,0.0008882005688769481,0.0,0.0,-0.0001277602626416425,-0.004937110804405948,-0.052312235292245525,0.1648581646206473,0.030790384837953596,-0.07137821162670163,-0.0005820390912244878,0.0,0.0,-9.851755982179887e-05,-0.0030913230253946057,-0.010508287991679365,-0.004028529481313745,-0.003975088932080501,-0.013777567700435856,-0.0035892626108144005,0.0,0.0,0.0007695289493483107,-0.000833995704276168,-0.0004814357129297594,-0.0003930011268119753,0.00046190422979749013,0.002545022103535201,0.0020238444910950556,0.0,8e-05,0.0,0.0,0.0,0.0,0.0,0.0,0.0,0.0,0.46711044300954047,7.00054129482958,0.030078589351530682,0.45813232554963207,0.0
0.1923480278125195,-0.18131659252393545,-0.0018407705546500926,0.0,0.0,0.00043782884860090013,-0.006247820395652499,-0.05013251781886873,0.1291282496889795,0.020094004402069175,0.08661977661552946,0.00027939268772029645,0.0,0.0,0.0016479611604656743,0.0018339782216699235,-0.006866644332117486,-0.007958598719468234,0.005138004591524643,-0.005692982948355447,0.001424955687503894,0.0,0.0,-0.0015236668852399518,-0.0004745156694382803,0.0008909507897132119,-0.0032474078818364263,-0.0021776477431832324,0.0010971126894704965,0.006379986376944286,0.0,0.0,0.0,0.0,0.0,0.0,0.0,0.0,0.0,0.0,-0.25148790801830656,0.16451073897726828,0.0008882005688769481,0.0,0.0,-0.0001277602626416425,-0.004937110804405948,-0.052312235292245525,0.1648581646206473,0.030790384837953596,-0.07137821162670163,-0.0005820390912244878,0.0,0.0,-9.851755982179887e-05,-0.0030913230253946057,-0.010508287991679365,-0.004028529481313745,-0.003895088932080501,-0.013777567700435856,-0.0035892626108144005,0.0,0.0,0.0007695289493483107,-0.000833995704276168,-0.0004814357129297594,-0.0003930011268119753,0.00046190422979749013,0.002545022103535201,0.0020238444910950556,0.0,0.0,0.0,0.0,0.0,0.0,0.0,0.0,0.0,0.0,0.4673434181126149,7.000304898681219,0.03002735565223782,0.46818849561306547,0.0
0.1923480278125195,-0.18131659252393545,-0.0018407705546500926,0.0,0.0,0.00043782884860090013,-0.006247820395652499,-0.05013251781886873,0.1291282496889795,0.020094004402069175,0.08661977661552946,0.00027939268772029645,0.0,0.0,0.0016479611604656743,0.0018339782216699235,-0.006866644332117486,-0.007958598719468234,0.005138004591524643,-0.005692982948355447,0.001424955687503894,0.0,0.0,-0.0015236668852399518,-0.0004745156694382803,0.0008909507897132119,-0.0032474078818364263,-0.0021776477431832324,0.0010971126894704965,0.006379986376944286,0.0,0.0,0.0,0.0,0.0,0.0,0.0,0.0,0.0,0.0,-0.25148790801830656,0.16451073897726828,0.0008882005688769481,0.0,0.0,-0.0001277602626416425,-0.004937110804405948,-0.052312235292245525,0.1648581646206473,0.030790384837953596,-0.07137821162670163,-0.0005820390912244878,0.0,0.0,-9.851755982179887e-05,-0.0030913230253946057,-0.010508287991679365,-0.004028529481313745,-0.003975088932080501,-0.013777567700435856,-0.0035892626108144005,0.0,0.0,0.0007695289493483107,-0.000833995704276168,-0.0004014357129297594,-0.0003930011268119753,0.00046190422979749013,0.002545022103535201,0.0020238444910950556,0.0,0.0,0.0,0.0,0.0,0.0,0.0,0.0,0.0,0.0,0.4671340620011816,7.000482212783036,0.030119973105929083,0.4644188576052024,0.0
0.1923480278125195,-0.18131659252393545,-0.0018407705546500926,0.0,0.0,0.00043782884860090013,-0.006247820395652499,-0.05013251781886873,0.1291282496889795,0.020094004402069175,0.08661977661552946,0.00027939268772029645,0.0,0.0,0.0016479611604656743,0.0018339782216699235,-0.006866644332117486,-0.007958598719468234,0.005138004591524643,-0.005692982948355447,0.001424955687503894,0.0,0.0,-0.0015236668852399518,-0.0004745156694382803,0.0008909507897132119,-0.0032474078818364263,-0.0021776477431832324,0.0010971126894704965,0.006379986376944286,0.0,0.0,0.0,0.0,0.0,0.0,0.0,0.0,0.0,0.0,-0.25148790801830656,0.16451073897726828,0.0008882005688769481,0.0,0.0,-0.0001277602626416425,-0.004937110804405948,-0.052312235292245525,0.1648581646206473,0.030790384837953596,-0.07137821162670163,-0.0005820390912244878,0.0,0.0,-9.851755982179887e-05,-0.0030913230253946057,-0.010508287991679365,-0.004028529481313745,-0.003975088932080501,-0.013777567700435856,-0.0035892626108144005,0.0,0.0,0.0008495289493483107,-0.000833995704276168,-0.0004814357129297594,-0.0003930011268119753,0.00046190422979749013,0.002545022103535201,0.0020238444910950556,0.0,0.0,0.0,0.0,0.0,0.0,0.0,0.0,0.0,0.0,0.46709225766070817,7.000595217778975,0.030138107664457042,0.46224201062307296,0.0
0.1923480278125195,-0.18131659252393545,-0.0018407705546500926,0.0,0.0,0.00043782884860090013,-0.006247820395652499,-0.05013251781886873,0.1291282496889795,0.020094004402069175,0.08661977661552946,0.00027939268772029645,0.0,0.0,0.0016479611604656743,0.0018339782216699235,-0.006866644332117486,-0.007958598719468234,0.005138004591524643,-0.005692982948355447,0.001424955687503894,0.0,0.0,-0.0015236668852399518,-0.0004745156694382803,0.0008909507897132119,-0.0032474078818364263,-0.0021776477431832324,0.0010971126894704965,0.006379986376944286,0.0,0.0,0.0,0.0,0.0,0.0,0.0,0.0,0.0,0.0,-0.25148790801830656,0.16451073897726828,0.0008882005688769481,0.0,0.0,-0.0001277602626416425,-0.004937110804405948,-0.052312235292245525,0.1648581646206473,0.030790384837953596,-0.07137821162670163,-0.0005820390912244878,0.0,0.0,-1.851755982179886e-05,-0.0030913230253946057,-0.010508287991679365,-0.004028529481313745,-0.003975088932080501,-0.013777567700435856,-0.0035892626108144005,0.0,0.0,0.0007695289493483107,-0.000833995704276168,-0.0004814357129297594,-0.0003930011268119753,0.00046190422979749013,0.002545022103535201,0.0020238444910950556,0.0,0.0,0.0,0.0,0.0,0.0,0.0,0.0,0.0,0.0,0.46722497141932895,7.00054978898949,0.030050592778401216,0.4711016893906822,0.0
0.1923480278125195,-0.18131659252393545,-0.0018407705546500926,0.0,0.0,0.00043782884860090013,-0.006247820395652499,-0.05013251781886873,0.1291282496889795,0.020094004402069175,0.08661977661552946,0.00027939268772029645,0.0,0.0,0.0016479611604656743,0.0018339782216699235,-0.006866644332117486,-0.007958598719468234,0.005138004591524643,-0.005692982948355447,0.001424955687503894,0.0,0.0,-0.0015236668852399518,-0.0004745156694382803,0.0008909507897132119,-0.0032474078818364263,-0.0021776477431832324,0.0010971126894704965,0.006379986376944286,0.0,0.0,0.0,0.0,0.0,0.0,0.0,0.0,0.0,0.0,-0.25148790801830656,0.16451073897726828,0.0008882005688769481,0.0,0.0,-0.0001277602626416425,-0.004937110804405948,-0.052312235292245525,0.1648581646206473,0.030790384837953596,-0.07137821162670163,-0.0005820390912244878,0.0,0.0,-9.851755982179887e-05,-0.0030913230253946057,-0.010508287991679365,-0.004028529481313745,-0.003975088932080501,-0.013777567700435856,-0.0035892626108144005,0.0,0.0,0.0007695289493483107,-0.000753995704276168,-0.0004814357129297594,-0.0003930011268119753,0.00046190422979749013,0.002545022103535201,0.0020238444910950556,0.0,0.0,0.0,0.0,0.0,0.0,0.0,0.0,0.0,0.0,0.46711185043758924,7.000609602534103,0.030088275835595448,0.4619331608082081,0.0
0.1923480278125195,-0.18131659252393545,-0.0018407705546500926,0.0,0.0,0.00043782884860090013,-0.006247820395652499,-0.05013251781886873,0.1291282496889795,0.020094004402069175,0.08661977661552946,0.00027939268772029645,0.0,0.0,0.0016479611604656743,0.0018339782216699235,-0.006866644332117486,-0.007958598719468234,0.005138004591524643,-0.005692982948355447,0.001424955687503894,0.0,0.0,-0.0015236668852399518,-0.0004745156694382803,0.0008909507897132119,-0.0032474078818364263,-0.0021776477431832324,0.0010971126894704965,0.006379986376944286,0.0,0.0,0.0,0.0,0.0,0.0,0.0,0.0,0.0,0.0,-0.25148790801830656,0.16451073897726828,0.0008882005688769481,0.0,0.0,-0.0001277602626416425,-0.004937110804405948,-0.052312235292245525,0.1648581646206473,0.030790384837953596,-0.07137821162670163,-0.0005820390912244878,0.0,0.0,-9.851755982179887e-05,-0.0030913230253946057,-0.010508287991679365,-0.004028529481313745,-0.003975088932080501,-0.013777567700435856,-0.0035892626108144005,0.0,0.0,0.0007695289493483107,-0.000833995704276168,-0.0004814357129297594,-0.0003930011268119753,0.00046190422979749013,0.002545022103535201,0.002103844491095056,0.0,0.0,0.0,0.0,0.0,0.0,0.0,0.0,0.0,0.0,0.4667122055834672,7.000328487491179,0.029825387823536276,0.4747100196288096,0.0
0.1923480278125195,-0.18131659252393545,-0.0018407705546500926,0.0,0.0,0.00043782884860090013,-0.006247820395652499,-0.05013251781886873,0.1291282496889795,0.020094004402069175,0.08661977661552946,0.00027939268772029645,0.0,0.0,0.0016479611604656743,0.0018339782216699235,-0.006866644332117486,-0.007958598719468234,0.005138004591524643,-0.005692982948355447,0.001424955687503894,0.0,0.0,-0.0015236668852399518,-0.0004745156694382803,0.0008909507897132119,-0.0032474078818364263,-0.0021776477431832324,0.0010971126894704965,0.006379986376944286,0.0,0.0,0.0,0.0,0.0,0.0,0.0,0.0,0.0,0.0,-0.25148790801830656,0.16451073897726828,0.0008882005688769481,0.0,0.0,-0.0001277602626416425,-0.004937110804405948,-0.052312235292245525,0.1648581646206473,0.030790384837953596,-0.07137821162670163,-0.0005820390912244878,0.0,0.0,-9.851755982179887e-05,-0.0030913230253946057,-0.010508287991679365,-0.004028529481313745,-0.003975088932080501,-0.013697567700435856,-0.0035892626108144005,0.0,0.0,0.0007695289493483107,-0.000833995704276168,-0.0004814357129297594,-0.0003930011268119753,0.00046190422979749013,0.002545022103535201,0.0020238444910950556,0.0,0.0,0.0,0.0,0.0,0.0,0.0,0.0,0.0,0.0,0.46715314999062946,7.001144742496275,0.029987245911551788,0.4691842191468905,0.0
0.1923480278125195,-0.18131659252393545,-0.0018407705546500926,0.0,0.0,0.00043782884860090013,-0.006247820395652499,-0.05013251781886873,0.1291282496889795,0.020094004402069175,0.08661977661552946,0.00027939268772029645,0.0,0.0,0.0016479611604656743,0.0018339782216699235,-0.006866644332117486,-0.007958598719468234,0.005138004591524643,-0.005692982948355447,0.001424955687503894,0.0,0.0,-0.0015236668852399518,-0.0004745156694382803,0.0008909507897132119,-0.0032474078818364263,-0.0021776477431832324,0.0010971126894704965,0.006379986376944286,0.0,0.0,0.0,0.0,0.0,0.0,0.0,0.0,0.0,0.0,-0.25148790801830656,0.16451073897726828,0.0008882005688769481,0.0,0.0,-0.0001277602626416425,-0.004937110804405948,-0.052312235292245525,0.1648581646206473,0.030790384837953596,-0.07137821162670163,-0.0005820390912244878,0.0,0.0,-9.851755982179887e-05,-0.0030913230253946057,-0.010428287991679365,-0.004028529481313745,-0.003975088932080501,-0.013777567700435856,-0.0035892626108144005,0.0,0.0,0.0007695289493483107,-0.000833995704276168,-0.0004814357129297594,-0.0003930011268119753,0.00046190422979749013,0.002545022103535201,0.0020238444910950556,0.0,0.0,0.0,0.0,0.0,0.0,0.0,0.0,0.0,0.0,0.46722011556762316,7.000441208892475,0.030087420282920777,0.46747451384930433,0.0
0.1923480278125195,-0.18131659252393545,-0.0018407705546500926,0.0,0.0,0.00043782884860090013,-0.006247820395652499,-0.05013251781886873,0.1291282496889795,0.020094004402069175,0.08661977661552946,0.00027939268772029645,0.0,0.0,0.0016479611604656743,0.0018339782216699235,-0.006866644332117486,-0.007958598719468234,0.005138004591524643,-0.005692982948355447,0.001424955687503894,0.0,0.0,-0.0015236668852399518,-0.0004745156694382803,0.0008909507897132119,-0.0032474078818364263,-0.0021776477431832324,0.0010971126894704965,0.006379986376944286,0.0,0.0,0.0,0.0,0.0,0.0,0.0,0.0,0.0,0.0,-0.25148790801830656,0.16451073897726828,0.0008882005688769481,0.0,0.0,-0.0001277602626416425,-0.004937110804405948,-0.052312235292245525,0.1648581646206473,0.030790384837953596,-0.07137821162670163,-0.0005820390912244878,0.0,0.0,-9.851755982179887e-05,-0.0030913230253946057,-0.010508287991679365,-0.004028529481313745,-0.003975088932080501,-0.013777567700435856,-0.0035892626108144005,0.0,0.0,0.0007695289493483107,-0.000833995704276168,-0.0004814357129297594,-0.0003930011268119753,0.00046190422979749013,0.002625022103535201,0.0020238444910950556,0.0,0.0,0.0,0.0,0.0,0.0,0.0,0.0,0.0,0.0,0.4673589111006497,7.000492059616157,0.03002652325156821,0.46338254281194147,0.0
0.1923480278125195,-0.18131659252393545,-0.0018407705546500926,0.0,0.0,0.00043782884860090013,-0.006247820395652499,-0.05013251781886873,0.1291282496889795,0.020094004402069175,0.08661977661552946,0.00027939268772029645,0.0,0.0,0.0016479611604656743,0.0018339782216699235,-0.006866644332117486,-0.007958598719468234,0.005138004591524643,-0.005692982948355447,0.001424955687503894,0.0,0.0,-0.0015236668852399518,-0.0004745156694382803,0.0008909507897132119,-0.0032474078818364263,-0.0021776477431832324,0.0010971126894704965,0.006379986376944286,0.0,0.0,0.0,0.0,0.0,0.0,0.0,0.0,0.0,0.0,-0.25148790801830656,0.16451073897726828,0.0008882005688769481,0.0,0.0,-0.0001277602626416425,-0.004937110804405948,-0.052312235292245525,0.1648581646206473,0.030790384837953596,-0.07137821162670163,-0.0005820390912244878,0.0,0.0,-9.851755982179887e-05,-0.0030913230253946057,-0.010508287991679365,-0.004028529481313745,-0.003975088932080501,-0.013777567700435856,-0.0035892626108144005,0.0,0.0,0.0007695289493483107,-0.000833995704276168,-0.0004814357129297594,-0.0003930011268119753,0.00046190422979749013,0.002545022103535201,0.0020238444910950556,8e-05,0.0,0.0,0.0,0.0,0.0,0.0,0.0,0.0,0.0,0.4672985781281553,7.0005635766466,0.029870304590855316,0.4695829969548031,0.0
0.1923480278125195,-0.18131659252393545,-0.0018407705546500926,0.0,0.0,0.00043782884860090013,-0.006247820395652499,-0.05013251781886873,0.1291282496889795,0.020094004402069175,0.08661977661552946,0.00027939268772029645,0.0,0.0,0.0016479611604656743,0.0018339782216699235,-0.006866644332117486,-0.007958598719468234,0.005138004591524643,-0.005692982948355447,0.001424955687503894,0.0,0.0,-0.0015236668852399518,-0.0004745156694382803,0.0008909507897132119,-0.0032474078818364263,-0.0021776477431832324,0.0010971126894704965,0.006379986376944286,0.0,0.0,0.0,0.0,0.0,0.0,0.0,0.0,0.0,0.0,-0.25148790801830656,0.16451073897726828,0.0008882005688769481,0.0,0.0,-0.0001277602626416425,-0.004937110804405948,-0.052312235292245525,0.1648581646206473,0.030790384837953596,-0.07137821162670163,-0.0005820390912244878,0.0,0.0,-9.851755982179887e-05,-0.0030913230253946057,-0.010508287991679365,-0.004028529481313745,-0.003975088932080501,-0.013777567700435856,-0.0035892626108144005,8e-05,0.0,0.0007695289493483107,-0.000833995704276168,-0.0004814357129297594,-0.0003930011268119753,0.00046190422979749013,0.002545022103535201,0.0020238444910950556,0.0,0.0,0.0,0.0,0.0,0.0,0.0,0.0,0.0,0.0,0.46713166691828556,7.000684494472262,0.029975797994903998,0.4676036382406079,0.0
0.1923480278125195,-0.18131659252393545,-0.0018407705546500926,0.0,0.0,0.00043782884860090013,-0.006247820395652499,-0.05013251781886873,0.1291282496889795,0.020094004402069175,0.08661977661552946,0.00027939268772029645,0.0,0.0,0.0016479611604656743,0.0018339782216699235,-0.006866644332117486,-0.007958598719468234,0.005138004591524643,-0.005692982948355447,0.001424955687503894,0.0,0.0,-0.0015236668852399518,-0.0004745156694382803,0.0008909507897132119,-0.0032474078818364263,-0.0021776477431832324,0.0010971126894704965,0.006379986376944286,0.0,0.0,0.0,0.0,0.0,0.0,0.0,0.0,0.0,0.0,-0.25148790801830656,0.16451073897726828,0.0008882005688769481,0.0,0.0,-0.0001277602626416425,-0.004937110804405948,-0.052312235292245525,0.1648581646206473,0.030790384837953596,-0.07137821162670163,-0.0005820390912244878,0.0,0.0,-9.851755982179887e-05,-0.0030913230253946057,-0.010508287991679365,-0.004028529481313745,-0.003975088932080501,-0.013777567700435856,-0.0035892626108144005,0.0,0.0,0.0007695289493483107,-0.000833995704276168,-0.0004814357129297594,-0.0003930011268119753,0.00046190422979749013,0.002545022103535201,0.0020238444910950556,0.0,0.0,0.0,0.0,0.0,8e-05,0.0,0.0,0.0,0.0,0.46708279444257705,7.000515087501483,0.030103968473793968,0.45916939053128614,0.0
0.1923480278125195,-0.18131659252393545,-0.0018407705546500926,0.0,0.0,0.00043782884860090013,-0.006247820395652499,-0.05013251781886873,0.1291282496889795,0.020094004402069175,0.08661977661552946,0.00027939268772029645,0.0,0.0,0.0016479611604656743,0.0018339782216699235,-0.006866644332117486,-0.007958598719468234,0.005138004591524643,-0.005692982948355447,0.001424955687503894,0.0,0.0,-0.0015236668852399518,-0.0004745156694382803,0.0008909507897132119,-0.0032474078818364263,-0.0021776477431832324,0.0010971126894704965,0.006379986376944286,0.0,0.0,0.0,0.0,0.0,0.0,0.0,0.0,0.0,0.0,-0.25148790801830656,0.16451073897726828,0.0008882005688769481,0.0,0.0,-0.0001277602626416425,-0.004937110804405948,-0.052312235292245525,0.1648581646206473,0.030790384837953596,-0.07137821162670163,-0.0005820390912244878,0.0,0.0,-9.851755982179887e-05,-0.0030913230253946057,-0.010508287991679365,-0.004028529481313745,-0.003975088932080501,-0.013777567700435856,-0.0035892626108144005,0.0,0.0,0.0007695289493483107,-0.000833995704276168,-0.0004814357129297594,-0.0003930011268119753,0.00046190422979749013,0.002545022103535201,0.0020238444910950556,0.0,0.0,0.0,8e-05,0.0,0.0,0.0,0.0,0.0,0.0,0.4670736866831324,7.000530686004914,0.030097820686727096,0.45920863783064636,0.0
0.1923480278125195,-0.18131659252393545,-0.0018407705546500926,0.0,0.0,0.00043782884860090013,-0.006247820395652499,-0.05013251781886873,0.1291282496889795,0.020094004402069175,0.08661977661552946,0.00027939268772029645,0.0,0.0,0.0016479611604656743,0.0018339782216699235,-0.006866644332117486,-0.007958598719468234,0.005138004591524643,-0.005692982948355447,0.001424955687503894,0.0,0.0,-0.0015236668852399518,-0.0004745156694382803,0.0008909507897132119,-0.0032474078818364263,-0.0021776477431832324,0.0010971126894704965,0.006379986376944286,0.0,0.0,0.0,0.0,0.0,0.0,0.0,0.0,0.0,0.0,-0.25148790801830656,0.16451073897726828,0.0008882005688769481,0.0,0.0,-0.0001277602626416425,-0.004937110804405948,-0.052312235292245525,0.1648581646206473,0.030790384837953596,-0.07137821162670163,-0.0005820390912244878,0.0,0.0,-9.851755982179887e-05,-0.0030913230253946057,-0.010508287991679365,-0.004028529481313745,-0.003975088932080501,-0.013777567700435856,-0.0035892626108144005,0.0,0.0,0.0007695289493483107,-0.000833995704276168,-0.0004814357129297594,-0.0003930011268119753,0.00046190422979749013,0.002545022103535201,0.0020238444910950556,0.0,0.0,0.0,0.0,0.0,0.0,8e-05,0.0,0.0,0.0,0.46703463689562424,7.00051421915919,0.03016041743615082,0.458077030898765,0.0
0.1923480278125195,-0.18131659252393545,-0.0018407705546500926,0.0,0.0,0.00043782884860090013,-0.006247820395652499,-0.05013251781886873,0.1291282496889795,0.020094004402069175,0.08661977661552946,0.00027939268772029645,0.0,0.0,0.0016479611604656743,0.0018339782216699235,-0.006866644332117486,-0.007958598719468234,0.005138004591524643,-0.005692982948355447,0.001424955687503894,0.0,0.0,-0.0015236668852399518,-0.0004745156694382803,0.0008909507897132119,-0.0032474078818364263,-0.0021776477431832324,0.0010971126894704965,0.006379986376944286,0.0,0.0,0.0,0.0,0.0,0.0,0.0,0.0,0.0,0.0,-0.25148790801830656,0.16451073897726828,0.0008882005688769481,0.0,0.0,-0.0001277602626416425,-0.004937110804405948,-0.052312235292245525,0.1648581646206473,0.030790384837953596,-0.07137821162670163,-0.0005820390912244878,0.0,0.0,-9.851755982179887e-05,-0.0030913230253946057,-0.010508287991679365,-0.004028529481313745,-0.003975088932080501,-0.013777567700435856,-0.0035892626108144005,0.0,0.0,0.0007695289493483107,-0.000833995704276168,-0.0004814357129297594,-0.0003930011268119753,0.00046190422979749013,0.002545022103535201,0.0020238444910950556,0.0,0.0,8e-05,0.0,0.0,0.0,0.0,0.0,0.0,0.0,0.46713224188665564,7.000524073630011,0.03013838535792718,0.45762624349629205,0.0
0.1923480278125195,-0.18131659252393545,-0.0018407705546500926,0.0,0.0,0.00043782884860090013,-0.006247820395652499,-0.05013251781886873,0.1291282496889795,0.020094004402069175,0.08661977661552946,0.00027939268772029645,0.0,0.0,0.0016479611604656743,0.0018339782216699235,-0.006866644332117486,-0.007958598719468234,0.005138004591524643,-0.005692982948355447,0.001424955687503894,0.0,0.0,-0.0015236668852399518,-0.0004745156694382803,0.0008909507897132119,-0.0032474078818364263,-0.0021776477431832324,0.0010971126894704965,0.006379986376944286,0.0,0.0,0.0,0.0,0.0,0.0,0.0,0.0,0.0,0.0,-0.25148790801830656,0.16451073897726828,0.0008882005688769481,0.0,0.0,-0.0001277602626416425,-0.004937110804405948,-0.052312235292245525,0.1648581646206473,0.030790384837953596,-0.07137821162670163,-0.0005820390912244878,0.0,0.0,-9.851755982179887e-05,-0.0030913230253946057,-0.010508287991679365,-0.004028529481313745,-0.003975088932080501,-0.013777567700435856,-0.0035892626108144005,0.0,0.0,0.0007695289493483107,-0.000833995704276168,-0.0004814357129297594,-0.0003930011268119753,0.00046190422979749013,0.002545022103535201,0.0020238444910950556,0.0,0.0,0.0,0.0,8e-05,0.0,0.0,0.0,0.0,0.0,0.46708397728054296,7.000549725691866,0.03024329411814936,0.4573121849013947,0.0
0.1923480278125195,-0.18131659252393545,-0.0018407705546500926,0.0,0.0,0.00043782884860090013,-0.006247820395652499,-0.05013251781886873,0.1291282496889795,0.020094004402069175,0.08661977661552946,0.00027939268772029645,0.0,0.0,0.0016479611604656743,0.0018339782216699235,-0.006866644332117486,-0.007958598719468234,0.005138004591524643,-0.005692982948355447,0.001424955687503894,0.0,0.0,-0.0015236668852399518,-0.0004745156694382803,0.0008909507897132119,-0.0032474078818364263,-0.0021776477431832324,0.0010971126894704965,0.006379986376944286,0.0,0.0,0.0,0.0,0.0,0.0,0.0,0.0,0.0,0.0,-0.25148790801830656,0.16451073897726828,0.0008882005688769481,0.0,0.0,-0.0001277602626416425,-0.004937110804405948,-0.052312235292245525,0.1648581646206473,0.030790384837953596,-0.07137821162670163,-0.0005820390912244878,0.0,0.0,-9.851755982179887e-05,-0.0030913230253946057,-0.010508287991679365,-0.004028529481313745,-0.003975088932080501,-0.013777567700435856,-0.0035892626108144005,0.0,0.0,0.0007695289493483107,-0.000833995704276168,-0.0004814357129297594,-0.0003930011268119753,0.00046190422979749013,0.002545022103535201,0.0020238444910950556,0.0,0.0,0.0,0.0,0.0,0.0,0.0,8e-05,0.0,0.0,0.46708859167231853,7.000508549021623,0.030065244645621696,0.46134105441949635,0.0
0.1923480278125195,-0.18131659252393545,-0.0018407705546500926,0.0,0.0,0.00043782884860090013,-0.006247820395652499,-0.05013251781886873,0.1291282496889795,0.020094004402069175,0.08661977661552946,0.00027939268772029645,0.0,0.0,0.0016479611604656743,0.0018339782216699235,-0.006866644332117486,-0.007958598719468234,0.005138004591524643,-0.005692982948355447,0.001424955687503894,0.0,0.0,-0.0015236668852399518,-0.0004745156694382803,0.0008909507897132119,-0.0032474078818364263,-0.0021776477431832324,0.0010971126894704965,0.006379986376944286,0.0,0.0,0.0,0.0,0.0,0.0,0.0,0.0,0.0,0.0,-0.25148790801830656,0.16451073897726828,0.0008882005688769481,0.0,0.0,-0.0001277602626416425,-0.004937110804405948,-0.052312235292245525,0.1648581646206473,0.030790384837953596,-0.07137821162670163,-0.0005820390912244878,0.0,0.0,-9.851755982179887e-05,-0.0030913230253946057,-0.010508287991679365,-0.004028529481313745,-0.003975088932080501,-0.013777567700435856,-0.0035892626108144005,0.0,0.0,0.0007695289493483107,-0.000833995704276168,-0.0004814357129297594,-0.0003930011268119753,0.00046190422979749013,0.002545022103535201,0.0020238444910950556,0.0,0.0,0.0,0.0,0.0,0.0,0.0,0.0,0.0,8e-05,0.46726328439109543,7.000552288625027,0.03001930119983115,0.46100113286599875,0.0
